timestamp,mode,boosting,experiment,dataset_tag,extractor,extractor_params,objective,head,channels,sweep_id,normalize,within_dataset_negatives,cross_session_positives,same_session_fallback_users,eval_positive_fraction,center_position,max_users,selected_test_acc,best_test_acc,best_val_acc,best_test_auc,best_test_eer,best_epoch,final_train_acc,final_test_acc,final_train_loss,final_test_loss,epochs_run,rounds_run,seed,sample_time,sample_rate,seq_len,embedding_dim,samples_per_user,batch_size,lr,weight_decay,val_user_fraction,hard_fraction,candidate_pairs_per_user,match_ratio,num_data_dirs,num_test_dirs,num_excluded_users,swap_data,test_on_excluded,data_dirs,test_dirs,checkpoint,run_dir,git_sha
2026-09-01T20:05:37,train,False,xrsec,users,bilstm,dropout=0.0;lstm_hidden=32;num_layers=1;pooling=mean,,,,109e6100f1,,,,,,,,,0.63671875,,,,9,0.7380541424418605,0.611328125,0.5515074078426805,0.8068024635314941,20,,67,2,20,40,128,512,1024,0.001,,,,,,1,0,5,False,True,VR_User_Behavior_Dataset_(Spherical_Video_Streaming),,sweeps/109e6100f1/runs/bilstm_4de543408b/best.pth,runs/2026-09-01/20-05-21_sweep,d3ed971-dirty
2026-09-01T20:05:52,train,False,xrsec,users,bilstm,dropout=0.0;lstm_hidden=32;num_layers=1;pooling=max,,,,109e6100f1,,,,,,,,,0.634375,,,,4,0.7333303052325582,0.6109375,0.5548713193383328,0.8269977331161499,20,,67,2,20,40,128,512,1024,0.001,,,,,,1,0,5,False,True,VR_User_Behavior_Dataset_(Spherical_Video_Streaming),,sweeps/109e6100f1/runs/bilstm_509cd68da6/best.pth,runs/2026-09-01/20-05-21_sweep,d3ed971-dirty
2026-09-01T20:06:07,train,False,xrsec,users,bilstm,dropout=0.0;lstm_hidden=32;num_layers=1;pooling=last,,,,109e6100f1,,,,,,,,,0.6390625,,,,3,0.7217478197674418,0.613671875,0.5605573349220808,0.769160270690918,20,,67,2,20,40,128,512,1024,0.001,,,,,,1,0,5,False,True,VR_User_Behavior_Dataset_(Spherical_Video_Streaming),,sweeps/109e6100f1/runs/bilstm_400ca9d6fb/best.pth,runs/2026-09-01/20-05-21_sweep,d3ed971-dirty
2026-09-01T20:06:22,train,False,xrsec,users,bilstm,dropout=0.2;lstm_hidden=32;num_layers=1;pooling=mean,,,,109e6100f1,,,,,,,,,0.63671875,,,,9,0.7380541424418605,0.611328125,0.5515074078426805,0.8068024635314941,20,,67,2,20,40,128,512,1024,0.001,,,,,,1,0,5,False,True,VR_User_Behavior_Dataset_(Spherical_Video_Streaming),,sweeps/109e6100f1/runs/bilstm_dec6262938/best.pth,runs/2026-09-01/20-05-21_sweep,d3ed971-dirty
2026-09-01T20:06:37,train,False,xrsec,users,bilstm,dropout=0.2;lstm_hidden=32;num_layers=1;pooling=max,,,,109e6100f1,,,,,,,,,0.634375,,,,4,0.7333303052325582,0.6109375,0.5548713193383328,0.8269977331161499,20,,67,2,20,40,128,512,1024,0.001,,,,,,1,0,5,False,True,VR_User_Behavior_Dataset_(Spherical_Video_Streaming),,sweeps/109e6100f1/runs/bilstm_7365c07e83/best.pth,runs/2026-09-01/20-05-21_sweep,d3ed971-dirty
2026-09-01T20:06:52,train,False,xrsec,users,bilstm,dropout=0.2;lstm_hidden=32;num_layers=1;pooling=last,,,,109e6100f1,,,,,,,,,0.6390625,,,,3,0.7217478197674418,0.613671875,0.5605573349220808,0.769160270690918,20,,67,2,20,40,128,512,1024,0.001,,,,,,1,0,5,False,True,VR_User_Behavior_Dataset_(Spherical_Video_Streaming),,sweeps/109e6100f1/runs/bilstm_f1e6f792e7/best.pth,runs/2026-09-01/20-05-21_sweep,d3ed971-dirty
2026-09-01T20:07:08,train,False,xrsec,users,bilstm,dropout=0.0;lstm_hidden=32;num_layers=2;pooling=mean,,,,109e6100f1,,,,,,,,,0.644921875,,,,3,0.7517260174418605,0.588671875,0.5266500406487044,0.833005154132843,20,,67,2,20,40,128,512,1024,0.001,,,,,,1,0,5,False,True,VR_User_Behavior_Dataset_(Spherical_Video_Streaming),,sweeps/109e6100f1/runs/bilstm_aa9843ce59/best.pth,runs/2026-09-01/20-05-21_sweep,d3ed971-dirty
2026-09-01T20:07:24,train,False,xrsec,users,bilstm,dropout=0.0;lstm_hidden=32;num_layers=2;pooling=max,,,,109e6100f1,,,,,,,,,0.670703125,,,,5,0.7396438953488372,0.616796875,0.5463256420091142,0.7434912919998169,20,,67,2,20,40,128,512,1024,0.001,,,,,,1,0,5,False,True,VR_User_Behavior_Dataset_(Spherical_Video_Streaming),,sweeps/109e6100f1/runs/bilstm_350c9961af/best.pth,runs/2026-09-01/20-05-21_sweep,d3ed971-dirty
2026-09-01T20:07:40,train,False,xrsec,users,bilstm,dropout=0.0;lstm_hidden=32;num_layers=2;pooling=last,,,,109e6100f1,,,,,,,,,0.691015625,,,,5,0.7423691860465116,0.6140625,0.5373629137527111,0.8092538356781006,20,,67,2,20,40,128,512,1024,0.001,,,,,,1,0,5,False,True,VR_User_Behavior_Dataset_(Spherical_Video_Streaming),,sweeps/109e6100f1/runs/bilstm_4fc9790033/best.pth,runs/2026-09-01/20-05-21_sweep,d3ed971-dirty
2026-09-01T20:07:56,train,False,xrsec,users,bilstm,dropout=0.2;lstm_hidden=32;num_layers=2;pooling=mean,,,,109e6100f1,,,,,,,,,0.646484375,,,,3,0.7534520348837209,0.586328125,0.5218247591063033,0.8323407769203186,20,,67,2,20,40,128,512,1024,0.001,,,,,,1,0,5,False,True,VR_User_Behavior_Dataset_(Spherical_Video_Streaming),,sweeps/109e6100f1/runs/bilstm_4b32dd5eb7/best.pth,runs/2026-09-01/20-05-21_sweep,d3ed971-dirty
2026-09-01T20:08:13,train,False,xrsec,users,bilstm,dropout=0.2;lstm_hidden=32;num_layers=2;pooling=max,,,,109e6100f1,,,,,,,,,0.693359375,,,,6,0.7475926598837209,0.6171875,0.5377106957657393,0.8118736028671265,20,,67,2,20,40,128,512,1024,0.001,,,,,,1,0,5,False,True,VR_User_Behavior_Dataset_(Spherical_Video_Streaming),,sweeps/109e6100f1/runs/bilstm_67c6ec58fc/best.pth,runs/2026-09-01/20-05-21_sweep,d3ed971-dirty
2026-09-01T20:08:30,train,False,xrsec,users,bilstm,dropout=0.2;lstm_hidden=32;num_layers=2;pooling=last,,,,109e6100f1,,,,,,,,,0.71640625,,,,8,0.7356922238372093,0.610546875,0.5424495173055072,0.7844842910766602,20,,67,2,20,40,128,512,1024,0.001,,,,,,1,0,5,False,True,VR_User_Behavior_Dataset_(Spherical_Video_Streaming),,sweeps/109e6100f1/runs/bilstm_74360c991c/best.pth,runs/2026-09-01/20-05-21_sweep,d3ed971-dirty
2026-09-01T20:08:49,train,False,xrsec,users,bilstm,dropout=0.0;lstm_hidden=32;num_layers=3;pooling=mean,,,,109e6100f1,,,,,,,,,0.64609375,,,,3,0.739734738372093,0.621875,0.5426366661870202,0.7295543909072876,20,,67,2,20,40,128,512,1024,0.001,,,,,,1,0,5,False,True,VR_User_Behavior_Dataset_(Spherical_Video_Streaming),,sweeps/109e6100f1/runs/bilstm_55e64207fc/best.pth,runs/2026-09-01/20-05-21_sweep,d3ed971-dirty
2026-09-01T20:09:08,train,False,xrsec,users,bilstm,dropout=0.0;lstm_hidden=32;num_layers=3;pooling=max,,,,109e6100f1,,,,,,,,,0.625390625,,,,4,0.7569494912790697,0.60234375,0.5221460794293603,0.798560357093811,20,,67,2,20,40,128,512,1024,0.001,,,,,,1,0,5,False,True,VR_User_Behavior_Dataset_(Spherical_Video_Streaming),,sweeps/109e6100f1/runs/bilstm_141d03b8a7/best.pth,runs/2026-09-01/20-05-21_sweep,d3ed971-dirty
2026-09-01T20:09:27,train,False,xrsec,users,bilstm,dropout=0.0;lstm_hidden=32;num_layers=3;pooling=last,,,,109e6100f1,,,,,,,,,0.691015625,,,,5,0.7412790697674418,0.616015625,0.5462400414222894,0.741896104812622,20,,67,2,20,40,128,512,1024,0.001,,,,,,1,0,5,False,True,VR_User_Behavior_Dataset_(Spherical_Video_Streaming),,sweeps/109e6100f1/runs/bilstm_943416d44a/best.pth,runs/2026-09-01/20-05-21_sweep,d3ed971-dirty
2026-09-01T20:09:48,train,False,xrsec,users,bilstm,dropout=0.2;lstm_hidden=32;num_layers=3;pooling=mean,,,,109e6100f1,,,,,,,,,0.661328125,,,,6,0.7488190406976745,0.576171875,0.5287067751551784,0.8387559294700623,20,,67,2,20,40,128,512,1024,0.001,,,,,,1,0,5,False,True,VR_User_Behavior_Dataset_(Spherical_Video_Streaming),,sweeps/109e6100f1/runs/bilstm_d29862fc6f/best.pth,runs/2026-09-01/20-05-21_sweep,d3ed971-dirty
2026-09-01T20:10:09,train,False,xrsec,users,bilstm,dropout=0.2;lstm_hidden=32;num_layers=3;pooling=max,,,,109e6100f1,,,,,,,,,0.665234375,,,,8,0.7445948401162791,0.622265625,0.5335573373838912,0.7414819121360778,20,,67,2,20,40,128,512,1024,0.001,,,,,,1,0,5,False,True,VR_User_Behavior_Dataset_(Spherical_Video_Streaming),,sweeps/109e6100f1/runs/bilstm_6e73de060f/best.pth,runs/2026-09-01/20-05-21_sweep,d3ed971-dirty
2026-09-01T20:10:29,train,False,xrsec,users,bilstm,dropout=0.2;lstm_hidden=32;num_layers=3;pooling=last,,,,109e6100f1,,,,,,,,,0.694921875,,,,13,0.6622456395348837,0.6046875,0.6224956152050994,0.6590936779975891,20,,67,2,20,40,128,512,1024,0.001,,,,,,1,0,5,False,True,VR_User_Behavior_Dataset_(Spherical_Video_Streaming),,sweeps/109e6100f1/runs/bilstm_e39a03231d/best.pth,runs/2026-09-01/20-05-21_sweep,d3ed971-dirty
2026-09-01T20:14:52,train,False,xrsec,users,random,,,,,,,,,,,,,,0.51328125,,,,11,0.5015897529069767,0.509765625,0.6935917166776435,0.6933193683624268,20,,67,2,20,40,128,512,1024,0.001,,,,,,1,0,5,False,True,VR_User_Behavior_Dataset_(Spherical_Video_Streaming),,runs/2026-09-01/20-14-39_train/checkpoints/xrsec_users_random_2s_20hz_emb128_train.pth,runs/2026-09-01/20-14-39_train,d3ed971-dirty
2026-09-01T20:17:31,train,False,xrsec,users,random,,,,,,,,,,,,,,0.51328125,,,,11,0.5015897529069767,0.509765625,0.6935917166776435,0.6933193683624268,20,,67,2,20,40,128,512,1024,0.001,,,,,,1,0,5,False,True,VR_User_Behavior_Dataset_(Spherical_Video_Streaming),,runs/2026-09-01/20-17-19_train/checkpoints/xrsec_users_random_2s_20hz_emb128_train.pth,runs/2026-09-01/20-17-19_train,d3ed971-dirty
2026-09-01T20:19:20,train,False,xrsec,users,random,bias=True,,,,,,,,,,,,,0.51328125,,,,11,0.5015897529069767,0.509765625,0.6935917111330254,0.6933193564414978,20,,67,2,20,40,128,512,1024,0.001,,,,,,1,0,5,False,True,VR_User_Behavior_Dataset_(Spherical_Video_Streaming),,runs/2026-09-01/20-19-08_train/checkpoints/xrsec_users_random-f17d2e_2s_20hz_emb128_train.pth,runs/2026-09-01/20-19-08_train,d3ed971-dirty
2026-09-01T20:59:27,train,False,xrsec,users,motion_tdnn,,,,,,,,,,,,,,0.5,,,,1,0.49636627906976744,0.5,0.6972726791404015,0.6854212284088135,1,,67,5,20,100,32,32,256,0.001,,,,,,1,0,5,False,True,VR_User_Behavior_Dataset_(Spherical_Video_Streaming),,runs/2026-09-01/20-59-23_train/checkpoints/xrsec_users_motion-tdnn_5s_20hz_emb32_train.pth,runs/2026-09-01/20-59-23_train,8fe333b-dirty
2026-09-01T21:01:35,train,False,xrsec,users,motion_tdnn,,,,,,,,,,,,,,0.6671875,,,,3,0.9298237645348837,0.604296875,0.1844527194666308,1.6364800930023193,20,,67,5,20,100,128,512,1024,0.001,,,,,,1,0,5,False,True,VR_User_Behavior_Dataset_(Spherical_Video_Streaming),,runs/2026-09-01/20-59-42_train/checkpoints/xrsec_users_motion-tdnn_5s_20hz_emb128_train.pth,runs/2026-09-01/20-59-42_train,8fe333b-dirty
2026-09-01T21:05:37,train,False,xrsec,users,motion_tdnn,dropout=0.3;hidden=128;kernel=5;layers=3;pool_max=False,,,,,,,,,,,,,0.6630859375,,,,15,0.9295398800872093,0.66298828125,0.18774678384841875,1.7236780285835267,20,,67,5,20,100,64,2048,1024,0.001,,,,,,1,0,5,False,True,VR_User_Behavior_Dataset_(Spherical_Video_Streaming),,runs/2026-09-01/21-02-11_train/checkpoints/xrsec_users_motion-tdnn-20805d_5s_20hz_emb64_train.pth,runs/2026-09-01/21-02-11_train,8fe333b-dirty
2026-09-01T21:08:06,train,False,xrsec,multi2,motion_tdnn,,,,,,,,,,,,,,0.5,,,,1,0.5573770491803278,0.5,0.6871640682220459,0.6938142776489258,1,,67,5,20,100,128,8,1024,0.001,,,,,,2,0,5,False,True,VR_User_Behavior_Dataset_(Spherical_Video_Streaming)|NJIT_6DOF_VR_Navigation_Dataset,,runs/2026-09-01/21-08-03_train/checkpoints/xrsec_multi2_motion-tdnn_5s_20hz_emb128_train.pth,runs/2026-09-01/21-08-03_train,8fe333b-dirty
2026-09-01T21:17:03,train,False,xrsec,multi6,motion_tdnn,dropout=0.2;hidden=192;kernel=5;layers=4;pool_max=False,,,,,,,,,,,,,0.57578125,,,,8,0.9358110658212561,0.519140625,0.17170691410988426,1.0324555873870849,20,,67,5,20,100,128,512,1024,0.001,,,,,,6,0,5,False,True,VR_User_Behavior_Dataset_(Spherical_Video_Streaming)|360-degree_Saliency_Dataset_(PanoSaliency)|ViewGauss_Head-Movement_Dataset|Panonut360_Dataset|EyeNavGS_6-DoF_Navigation_Dataset|NJIT_6DOF_VR_Navigation_Dataset,,runs/2026-09-01/21-08-20_train/checkpoints/xrsec_multi6_motion-tdnn-d2fcac_5s_20hz_emb128_train.pth,runs/2026-09-01/21-08-20_train,8fe333b-dirty
2026-09-01T21:44:08,train,False,xrsec,users,motion_tdnn,,,,,,per_dataset,,,,,,,,0.64765625,,,,3,0.9296875,0.576171875,0.1861472552598909,1.6503665447235107,20,,67,5,20,100,128,512,1024,0.001,,,,,,1,0,5,False,True,VR_User_Behavior_Dataset_(Spherical_Video_Streaming),,runs/2026-09-01/21-42-14_train/checkpoints/xrsec_users_motion-tdnn_5s_20hz_emb128_train.pth,runs/2026-09-01/21-42-14_train,74d81c9-dirty
2026-09-01T21:53:10,train,False,xrsec,multi6,motion_tdnn,dropout=0.2;hidden=192;kernel=5;layers=4;pool_max=False,,,,,per_dataset,,,,,,,,0.64296875,,,,1,0.9438594504830918,0.58125,0.15158527837571315,1.393008542060852,20,,67,5,20,100,128,512,1024,0.001,,,,,,6,0,5,False,True,VR_User_Behavior_Dataset_(Spherical_Video_Streaming)|360-degree_Saliency_Dataset_(PanoSaliency)|ViewGauss_Head-Movement_Dataset|Panonut360_Dataset|EyeNavGS_6-DoF_Navigation_Dataset|NJIT_6DOF_VR_Navigation_Dataset,,runs/2026-09-01/21-44-29_train/checkpoints/xrsec_multi6_motion-tdnn-d2fcac_5s_20hz_emb128_train.pth,runs/2026-09-01/21-44-29_train,74d81c9-dirty
2026-09-01T22:03:45,train,False,xrsec,multi6,motion_tdnn,dropout=0.2;hidden=192;kernel=5;layers=4;pool_max=False,,,,,per_dataset,True,,,,,,,0.68671875,,,,1,0.8298516757246377,0.632421875,0.35476746896038885,1.3547066450119019,20,,67,5,20,100,128,512,1024,0.001,,,,,,6,0,5,False,True,VR_User_Behavior_Dataset_(Spherical_Video_Streaming)|360-degree_Saliency_Dataset_(PanoSaliency)|ViewGauss_Head-Movement_Dataset|Panonut360_Dataset|EyeNavGS_6-DoF_Navigation_Dataset|NJIT_6DOF_VR_Navigation_Dataset,,runs/2026-09-01/21-55-03_train/checkpoints/xrsec_multi6_motion-tdnn-d2fcac_5s_20hz_emb128_train.pth,runs/2026-09-01/21-55-03_train,74d81c9-dirty
2026-09-02T13:09:12,train,False,xrsec,multi6,motion_tdnn,dropout=0.2;hidden=192;kernel=5;layers=4;pool_max=False,,,,732edbb4e4,per_dataset,True,,,,,,,0.68671875,,,,1,0.7685688405797102,0.6421875,0.45172982126618355,0.9229749083518982,8,,67,5,20,100,128,512,1024,0.001,0.0,,,,,6,0,5,False,True,VR_User_Behavior_Dataset_(Spherical_Video_Streaming)|360-degree_Saliency_Dataset_(PanoSaliency)|ViewGauss_Head-Movement_Dataset|Panonut360_Dataset|EyeNavGS_6-DoF_Navigation_Dataset|NJIT_6DOF_VR_Navigation_Dataset,,sweeps/732edbb4e4/runs/motion_tdnn_dbe0aa16a3/best.pth,runs/2026-09-02/13-05-24_sweep,a19389c-dirty
2026-09-02T13:12:57,train,False,xrsec,multi6,motion_tdnn,dropout=0.4;hidden=192;kernel=5;layers=4;pool_max=False,,,,732edbb4e4,per_dataset,True,,,,,,,0.6875,,,,1,0.7591900664251208,0.652734375,0.4665671300484938,0.7761377930641175,8,,67,5,20,100,128,512,1024,0.001,0.0,,,,,6,0,5,False,True,VR_User_Behavior_Dataset_(Spherical_Video_Streaming)|360-degree_Saliency_Dataset_(PanoSaliency)|ViewGauss_Head-Movement_Dataset|Panonut360_Dataset|EyeNavGS_6-DoF_Navigation_Dataset|NJIT_6DOF_VR_Navigation_Dataset,,sweeps/732edbb4e4/runs/motion_tdnn_8ed16a347f/best.pth,runs/2026-09-02/13-05-24_sweep,a19389c-dirty
2026-09-02T13:16:45,train,False,xrsec,multi6,motion_tdnn,dropout=0.2;hidden=192;kernel=5;layers=4;pool_max=False,,,,732edbb4e4,per_dataset,True,,,,,,,0.682421875,,,,1,0.7620867300724637,0.625390625,0.46174169637730733,0.8492584228515625,8,,67,5,20,100,128,512,1024,0.001,0.0001,,,,,6,0,5,False,True,VR_User_Behavior_Dataset_(Spherical_Video_Streaming)|360-degree_Saliency_Dataset_(PanoSaliency)|ViewGauss_Head-Movement_Dataset|Panonut360_Dataset|EyeNavGS_6-DoF_Navigation_Dataset|NJIT_6DOF_VR_Navigation_Dataset,,sweeps/732edbb4e4/runs/motion_tdnn_643c373274/best.pth,runs/2026-09-02/13-05-24_sweep,a19389c-dirty
2026-09-02T13:20:38,train,False,xrsec,multi6,motion_tdnn,dropout=0.4;hidden=192;kernel=5;layers=4;pool_max=False,,,,732edbb4e4,per_dataset,True,,,,,,,0.691796875,,,,1,0.7537552838164251,0.6390625,0.47303902066272235,0.7756352901458741,8,,67,5,20,100,128,512,1024,0.001,0.0001,,,,,6,0,5,False,True,VR_User_Behavior_Dataset_(Spherical_Video_Streaming)|360-degree_Saliency_Dataset_(PanoSaliency)|ViewGauss_Head-Movement_Dataset|Panonut360_Dataset|EyeNavGS_6-DoF_Navigation_Dataset|NJIT_6DOF_VR_Navigation_Dataset,,sweeps/732edbb4e4/runs/motion_tdnn_20fd8d8df3/best.pth,runs/2026-09-02/13-05-24_sweep,a19389c-dirty
2026-09-02T13:24:19,train,False,xrsec,multi6,motion_tdnn,dropout=0.2;hidden=192;kernel=5;layers=4;pool_max=False,,,,732edbb4e4,per_dataset,True,,,,,,,0.674609375,,,,1,0.7572275060386473,0.632421875,0.4720892171928848,0.8406651377677917,8,,67,5,20,100,128,512,1024,0.0003,0.0,,,,,6,0,5,False,True,VR_User_Behavior_Dataset_(Spherical_Video_Streaming)|360-degree_Saliency_Dataset_(PanoSaliency)|ViewGauss_Head-Movement_Dataset|Panonut360_Dataset|EyeNavGS_6-DoF_Navigation_Dataset|NJIT_6DOF_VR_Navigation_Dataset,,sweeps/732edbb4e4/runs/motion_tdnn_43f190c5e1/best.pth,runs/2026-09-02/13-05-24_sweep,a19389c-dirty
2026-09-02T13:48:21,train,False,xrsec,users,motion_tdnn,dropout=0.2;hidden=96;kernel=5;layers=3,identity_softmax,diff_linear,,,per_dataset,True,,,,,,,0.678125,,0.7182421875,0.36250001192092896,1,0.28834260634406933,0.659375,6.62064466884859,0.8411383509635926,3,,67,5,20,100,64,64,256,0.001,0.0,,,,,1,0,5,False,True,VR_User_Behavior_Dataset_(Spherical_Video_Streaming),,runs/2026-09-02/13-48-03_train/checkpoints/xrsec_users_motion-tdnn-f1465e_5s_20hz_emb64_train.pth,runs/2026-09-02/13-48-03_train,9a9ad33-dirty
2026-09-02T14:07:56,train,False,xrsec,users,random,,pair_bce,diff_linear,full,,per_dataset,True,,,,,,0.51640625,0.51640625,,0.5210107421875,0.48906248807907104,20,0.5097202034883721,0.51640625,0.6932776639627856,0.6923866510391236,20,,67,5,20,100,64,256,1024,0.001,0.0,0.0,,,,1,0,5,False,True,VR_User_Behavior_Dataset_(Spherical_Video_Streaming),,runs/2026-09-02/14-06-56_train/checkpoints/xrsec_users_random_5s_20hz_emb64_train.pth,runs/2026-09-02/14-06-56_train,776a581-dirty
2026-09-02T14:08:18,train,False,xrsec,users,random,,pair_bce,diff_linear,full,,per_dataset,True,,,,,,0.51796875,0.51796875,0.5145596590909091,0.52490966796875,0.484375,13,0.49951171875,0.48515625,0.6942289993166924,0.6946085810661315,20,,67,5,20,100,64,256,1024,0.001,0.0,0.25,,,,1,0,5,False,True,VR_User_Behavior_Dataset_(Spherical_Video_Streaming),,runs/2026-09-02/14-08-02_train/checkpoints/xrsec_users_random_5s_20hz_emb64_train.pth,runs/2026-09-02/14-08-02_train,776a581-dirty
2026-09-02T14:09:32,train,False,xrsec,users,random,,pair_bce,diff_linear,full,,per_dataset,True,,,,,,0.51796875,0.53515625,0.5145596590909091,0.52490966796875,0.484375,13,0.49951171875,0.48515625,0.6942289993166924,0.6946085810661315,20,,67,5,20,100,64,256,1024,0.001,0.0,0.25,,,,1,0,5,False,True,VR_User_Behavior_Dataset_(Spherical_Video_Streaming),,runs/2026-09-02/14-09-17_train/checkpoints/xrsec_users_random_5s_20hz_emb64_train.pth,runs/2026-09-02/14-09-17_train,776a581-dirty
2026-09-02T14:09:54,train,False,xrsec,users,random,,pair_bce,diff_linear,full,,per_dataset,True,,,,,,0.48984375,0.52578125,0.5220170454545454,0.48428955078125,0.515625,10,0.49462890625,0.4953125,0.6946854516863823,0.6946919918060303,20,,11,5,20,100,64,256,1024,0.001,0.0,0.25,,,,1,0,5,False,True,VR_User_Behavior_Dataset_(Spherical_Video_Streaming),,runs/2026-09-02/14-09-38_train/checkpoints/xrsec_users_random_5s_20hz_emb64_train.pth,runs/2026-09-02/14-09-38_train,776a581-dirty
2026-09-02T14:10:14,train,False,xrsec,users,random,,pair_bce,diff_linear,full,,per_dataset,True,,,,,,0.49921875,0.5125,0.5174005681818182,0.4940185546875,0.504687488079071,6,0.5047607421875,0.4921875,0.6945511251688004,0.693919575214386,20,,23,5,20,100,64,256,1024,0.001,0.0,0.25,,,,1,0,5,False,True,VR_User_Behavior_Dataset_(Spherical_Video_Streaming),,runs/2026-09-02/14-09-59_train/checkpoints/xrsec_users_random_5s_20hz_emb64_train.pth,runs/2026-09-02/14-09-59_train,776a581-dirty
2026-09-02T00:00:43,train,False,xrsec,users,bilstm,,,,,,per_dataset,True,,,,,,,0.644921875,,,,8,0.8729560319767442,0.59921875,0.32033035921496017,1.4204644918441773,20,,67,2,20,40,128,512,1024,0.001,,,,,,1,0,5,False,True,VR_User_Behavior_Dataset_(Spherical_Video_Streaming),,runs/2026-09-01/23-59-40_train/checkpoints/xrsec_users_bilstm_2s_20hz_emb128_train.pth,runs/2026-09-01/23-59-40_train,a19389c
2026-09-02T13:01:38,train,False,xrsec,users,motion_gram,,,,,,per_dataset,True,,,,,,,0.65703125,,,,3,0.8411155523255814,0.596875,0.356828021448712,1.1361900806427,20,,67,2,20,40,128,512,1024,0.001,,,,,,1,0,5,False,True,VR_User_Behavior_Dataset_(Spherical_Video_Streaming),,runs/2026-09-02/13-01-16_train/checkpoints/xrsec_users_motion-gram_2s_20hz_emb128_train.pth,runs/2026-09-02/13-01-16_train,a19389c-dirty
2026-09-02T13:46:47,train,False,xrsec,users,bilstm,,,,,e06289a224,per_dataset,True,,,,,,,0.6431640625,,0.6515157318115234,0.36406248807907104,11,0.8409745065789473,0.5998046875,0.37628157985837835,1.004079031944275,20,,67,5,20,100,128,512,1024,0.001,0.0,,,,,1,0,10,False,True,VR_User_Behavior_Dataset_(Spherical_Video_Streaming),,sweeps/e06289a224/runs/bilstm_1d02cd5ab3_fold0/best.pth,runs/2026-09-02/13-45-38_sweep,9a9ad33-dirty
2026-09-02T13:47:20,train,False,xrsec,users,bilstm,,,,,e06289a224,per_dataset,True,,,,,,,0.6201171875,,0.6216175842285157,0.39921873807907104,10,0.8372224506578947,0.5953125,0.38505868378438446,0.9724124789237976,20,,67,5,20,100,128,512,1024,0.001,0.0,,,,,1,0,10,False,True,VR_User_Behavior_Dataset_(Spherical_Video_Streaming),,sweeps/e06289a224/runs/bilstm_1d02cd5ab3_fold1/best.pth,runs/2026-09-02/13-45-38_sweep,9a9ad33-dirty
2026-09-02T13:47:54,train,False,xrsec,users,bilstm,,,,,e06289a224,per_dataset,True,,,,,,,0.644921875,,0.6805955505371094,0.3531250059604645,5,0.8629728618421053,0.6029296875,0.33788351008766576,1.0380529165267944,20,,67,5,20,100,128,512,1024,0.001,0.0,,,,,1,0,10,False,True,VR_User_Behavior_Dataset_(Spherical_Video_Streaming),,sweeps/e06289a224/runs/bilstm_1d02cd5ab3_fold2/best.pth,runs/2026-09-02/13-45-38_sweep,9a9ad33-dirty
2026-09-02T13:48:27,train,False,xrsec,users,bilstm,,,,,e06289a224,per_dataset,True,,,,,,,0.7269965277777778,,0.7749848542390047,0.2751736044883728,10,0.823066907051282,0.708984375,0.4104681595777854,0.6673627628220452,20,,67,5,20,100,128,512,1024,0.001,0.0,,,,,1,0,9,False,True,VR_User_Behavior_Dataset_(Spherical_Video_Streaming),,sweeps/e06289a224/runs/bilstm_1d02cd5ab3_fold3/best.pth,runs/2026-09-02/13-45-38_sweep,9a9ad33-dirty
2026-09-02T13:48:59,train,False,xrsec,users,bilstm,,,,,e06289a224,per_dataset,True,,,,,,,0.6458333333333334,,0.6983154673635223,0.3524305522441864,19,0.8402944711538461,0.6384548611111112,0.3806879352300595,0.898302866352929,20,,67,5,20,100,128,512,1024,0.001,0.0,,,,,1,0,9,False,True,VR_User_Behavior_Dataset_(Spherical_Video_Streaming),,sweeps/e06289a224/runs/bilstm_1d02cd5ab3_fold4/best.pth,runs/2026-09-02/13-45-38_sweep,9a9ad33-dirty
2026-09-02T13:49:27,train,False,xrsec,users,motion_gram,,,,,e06289a224,per_dataset,True,,,,,,,0.605859375,,0.6301947021484375,0.3968749940395355,3,0.8867701480263158,0.584765625,0.2714507775871377,1.2522139072418212,20,,67,5,20,100,128,512,1024,0.001,0.0,,,,,1,0,10,False,True,VR_User_Behavior_Dataset_(Spherical_Video_Streaming),,sweeps/e06289a224/runs/motion_gram_ff567a0d75_fold0/best.pth,runs/2026-09-02/13-45-38_sweep,9a9ad33-dirty
2026-09-02T13:49:54,train,False,xrsec,users,motion_gram,,,,,e06289a224,per_dataset,True,,,,,,,0.602734375,,0.63227294921875,0.3941406309604645,14,0.8958675986842105,0.5884765625,0.2573428538284804,1.1579921245574951,20,,67,5,20,100,128,512,1024,0.001,0.0,,,,,1,0,10,False,True,VR_User_Behavior_Dataset_(Spherical_Video_Streaming),,sweeps/e06289a224/runs/motion_gram_ff567a0d75_fold1/best.pth,runs/2026-09-02/13-45-38_sweep,9a9ad33-dirty
2026-09-02T13:50:21,train,False,xrsec,users,motion_gram,,,,,e06289a224,per_dataset,True,,,,,,,0.6263671875,,0.659716796875,0.376953125,3,0.905016447368421,0.619140625,0.2393735513875359,1.113952398300171,20,,67,5,20,100,128,512,1024,0.001,0.0,,,,,1,0,10,False,True,VR_User_Behavior_Dataset_(Spherical_Video_Streaming),,sweeps/e06289a224/runs/motion_gram_ff567a0d75_fold2/best.pth,runs/2026-09-02/13-45-38_sweep,9a9ad33-dirty
2026-09-02T13:50:48,train,False,xrsec,users,motion_gram,,,,,e06289a224,per_dataset,True,,,,,,,0.6655815972222222,,0.7174528145495757,0.3311631977558136,7,0.8882211538461539,0.6371527777777778,0.27368269287622893,0.9996663729349772,20,,67,5,20,100,128,512,1024,0.001,0.0,,,,,1,0,9,False,True,VR_User_Behavior_Dataset_(Spherical_Video_Streaming),,sweeps/e06289a224/runs/motion_gram_ff567a0d75_fold3/best.pth,runs/2026-09-02/13-45-38_sweep,9a9ad33-dirty
2026-09-02T13:51:14,train,False,xrsec,users,motion_gram,,,,,e06289a224,per_dataset,True,,,,,,,0.6256510416666666,,0.6666037477092979,0.3736979067325592,18,0.8905248397435898,0.6187065972222222,0.2628538035429441,1.1357425186369154,20,,67,5,20,100,128,512,1024,0.001,0.0,,,,,1,0,9,False,True,VR_User_Behavior_Dataset_(Spherical_Video_Streaming),,sweeps/e06289a224/runs/motion_gram_ff567a0d75_fold4/best.pth,runs/2026-09-02/13-45-38_sweep,9a9ad33-dirty
2026-09-02T13:52:14,train,False,xrsec,users,motion_tdnn,,,,,e06289a224,per_dataset,True,,,,,,,0.6794921875,,0.6822279357910156,0.34648436307907104,20,0.9148334703947368,0.6794921875,0.2208486928751594,1.3390666007995606,20,,67,5,20,100,128,512,1024,0.001,0.0,,,,,1,0,10,False,True,VR_User_Behavior_Dataset_(Spherical_Video_Streaming),,sweeps/e06289a224/runs/motion_tdnn_a9f24176aa_fold0/best.pth,runs/2026-09-02/13-45-38_sweep,9a9ad33-dirty
2026-09-02T13:53:14,train,False,xrsec,users,motion_tdnn,,,,,e06289a224,per_dataset,True,,,,,,,0.6193359375,,0.6281529235839843,0.39335936307907104,14,0.9290193256578947,0.60859375,0.18637610815073313,1.4870504140853882,20,,67,5,20,100,128,512,1024,0.001,0.0,,,,,1,0,10,False,True,VR_User_Behavior_Dataset_(Spherical_Video_Streaming),,sweeps/e06289a224/runs/motion_tdnn_a9f24176aa_fold1/best.pth,runs/2026-09-02/13-45-38_sweep,9a9ad33-dirty
2026-09-02T13:54:13,train,False,xrsec,users,motion_tdnn,,,,,e06289a224,per_dataset,True,,,,,,,0.651953125,,0.6880058288574219,0.35859376192092896,2,0.9370374177631579,0.62421875,0.16811192976801018,1.2198841571807861,20,,67,5,20,100,128,512,1024,0.001,0.0,,,,,1,0,10,False,True,VR_User_Behavior_Dataset_(Spherical_Video_Streaming),,sweeps/e06289a224/runs/motion_tdnn_a9f24176aa_fold2/best.pth,runs/2026-09-02/13-45-38_sweep,9a9ad33-dirty
2026-09-02T13:55:12,train,False,xrsec,users,motion_tdnn,,,,,e06289a224,per_dataset,True,,,,,,,0.6909722222222222,,0.7532789442274306,0.3064236044883728,7,0.9258814102564102,0.6640625,0.19560095858879578,0.8701574405034384,20,,67,5,20,100,128,512,1024,0.001,0.0,,,,,1,0,9,False,True,VR_User_Behavior_Dataset_(Spherical_Video_Streaming),,sweeps/e06289a224/runs/motion_tdnn_a9f24176aa_fold3/best.pth,runs/2026-09-02/13-45-38_sweep,9a9ad33-dirty
2026-09-02T13:56:11,train,False,xrsec,users,motion_tdnn,,,,,e06289a224,per_dataset,True,,,,,,,0.6482204861111112,,0.6973070686246142,0.3506944477558136,6,0.9382512019230769,0.6239149305555556,0.17107836558268621,1.1618677510155573,20,,67,5,20,100,128,512,1024,0.001,0.0,,,,,1,0,9,False,True,VR_User_Behavior_Dataset_(Spherical_Video_Streaming),,sweeps/e06289a224/runs/motion_tdnn_a9f24176aa_fold4/best.pth,runs/2026-09-02/13-45-38_sweep,9a9ad33-dirty
2026-09-02T13:57:03,train,False,xrsec,users,paper_gnn_bilstm,,,,,e06289a224,per_dataset,True,,,,,,,0.6494140625,,0.6593887329101562,0.3597656190395355,18,0.8498149671052632,0.6388671875,0.3560289364112051,0.940270721912384,20,,67,5,20,100,128,512,1024,0.001,0.0,,,,,1,0,10,False,True,VR_User_Behavior_Dataset_(Spherical_Video_Streaming),,sweeps/e06289a224/runs/paper_gnn_bilstm_c145ca2fdc_fold0/best.pth,runs/2026-09-02/13-45-38_sweep,9a9ad33-dirty
2026-09-02T13:57:54,train,False,xrsec,users,paper_gnn_bilstm,,,,,e06289a224,per_dataset,True,,,,,,,0.6166015625,,0.6284869384765625,0.390625,17,0.8720703125,0.6048828125,0.31517806021790756,1.0400425434112548,20,,67,5,20,100,128,512,1024,0.001,0.0,,,,,1,0,10,False,True,VR_User_Behavior_Dataset_(Spherical_Video_Streaming),,sweeps/e06289a224/runs/paper_gnn_bilstm_c145ca2fdc_fold1/best.pth,runs/2026-09-02/13-45-38_sweep,9a9ad33-dirty
2026-09-02T13:58:46,train,False,xrsec,users,paper_gnn_bilstm,,,,,e06289a224,per_dataset,True,,,,,,,0.6439453125,,0.6705769348144531,0.3648437559604645,11,0.8780324835526315,0.62109375,0.3088715703863847,0.9864228367805481,20,,67,5,20,100,128,512,1024,0.001,0.0,,,,,1,0,10,False,True,VR_User_Behavior_Dataset_(Spherical_Video_Streaming),,sweeps/e06289a224/runs/paper_gnn_bilstm_c145ca2fdc_fold2/best.pth,runs/2026-09-02/13-45-38_sweep,9a9ad33-dirty
2026-09-02T13:59:37,train,False,xrsec,users,paper_gnn_bilstm,,,,,e06289a224,per_dataset,True,,,,,,,0.6976996527777778,,0.7415040569540895,0.3046875,9,0.8265224358974359,0.64453125,0.39355416634143925,0.7606346805890402,20,,67,5,20,100,128,512,1024,0.001,0.0,,,,,1,0,9,False,True,VR_User_Behavior_Dataset_(Spherical_Video_Streaming),,sweeps/e06289a224/runs/paper_gnn_bilstm_c145ca2fdc_fold3/best.pth,runs/2026-09-02/13-45-38_sweep,9a9ad33-dirty
2026-09-02T14:00:28,train,False,xrsec,users,paper_gnn_bilstm,,,,,e06289a224,per_dataset,True,,,,,,,0.6510416666666666,,0.7055925910855517,0.3472222089767456,20,0.8474058493589743,0.6510416666666666,0.36638835301766026,0.7581425905227661,20,,67,5,20,100,128,512,1024,0.001,0.0,,,,,1,0,9,False,True,VR_User_Behavior_Dataset_(Spherical_Video_Streaming),,sweeps/e06289a224/runs/paper_gnn_bilstm_c145ca2fdc_fold4/best.pth,runs/2026-09-02/13-45-38_sweep,9a9ad33-dirty
2026-09-02T14:00:49,train,False,xrsec,users,random,,,,,e06289a224,per_dataset,True,,,,,,,0.519921875,,0.5179173278808594,0.484375,7,0.4947574013157895,0.5013671875,0.6945867475710417,0.6932395815849304,20,,67,5,20,100,128,512,1024,0.001,0.0,,,,,1,0,10,False,True,VR_User_Behavior_Dataset_(Spherical_Video_Streaming),,sweeps/e06289a224/runs/random_dfa3c50be6_fold0/best.pth,runs/2026-09-02/13-45-38_sweep,9a9ad33-dirty
2026-09-02T14:01:11,train,False,xrsec,users,random,,,,,e06289a224,per_dataset,True,,,,,,,0.519921875,,0.5179173278808594,0.484375,7,0.4947574013157895,0.5013671875,0.6945867475710417,0.6932395815849304,20,,67,5,20,100,128,512,1024,0.001,0.0,,,,,1,0,10,False,True,VR_User_Behavior_Dataset_(Spherical_Video_Streaming),,sweeps/e06289a224/runs/random_dfa3c50be6_fold1/best.pth,runs/2026-09-02/13-45-38_sweep,9a9ad33-dirty
2026-09-02T14:01:33,train,False,xrsec,users,random,,,,,e06289a224,per_dataset,True,,,,,,,0.519921875,,0.5179173278808594,0.484375,7,0.4947574013157895,0.5013671875,0.6945867475710417,0.6932395815849304,20,,67,5,20,100,128,512,1024,0.001,0.0,,,,,1,0,10,False,True,VR_User_Behavior_Dataset_(Spherical_Video_Streaming),,sweeps/e06289a224/runs/random_dfa3c50be6_fold2/best.pth,runs/2026-09-02/13-45-38_sweep,9a9ad33-dirty
2026-09-02T14:01:55,train,False,xrsec,users,random,,,,,e06289a224,per_dataset,True,,,,,,,0.5134548611111112,,0.5119856846185378,0.4869791567325592,5,0.4947916666666667,0.4913194444444444,0.6941585128123944,0.6942003303103976,20,,67,5,20,100,128,512,1024,0.001,0.0,,,,,1,0,9,False,True,VR_User_Behavior_Dataset_(Spherical_Video_Streaming),,sweeps/e06289a224/runs/random_dfa3c50be6_fold3/best.pth,runs/2026-09-02/13-45-38_sweep,9a9ad33-dirty
2026-09-02T14:02:15,train,False,xrsec,users,random,,,,,e06289a224,per_dataset,True,,,,,,,0.5134548611111112,,0.5119856846185378,0.4869791567325592,5,0.4947916666666667,0.4913194444444444,0.6941585128123944,0.6942003303103976,20,,67,5,20,100,128,512,1024,0.001,0.0,,,,,1,0,9,False,True,VR_User_Behavior_Dataset_(Spherical_Video_Streaming),,sweeps/e06289a224/runs/random_dfa3c50be6_fold4/best.pth,runs/2026-09-02/13-45-38_sweep,9a9ad33-dirty
2026-09-02T14:13:39,train,False,xrsec,users,bilstm,,pair_bce,diff_linear,full,9ac1eb6cda,per_dataset,True,,,,,,0.608203125,0.614453125,0.5962890625,0.627376708984375,0.3941406309604645,16,0.85546875,0.5876953125,0.34665685679231373,0.9637815475463867,20,,67,5,20,100,128,512,1024,0.001,0.0,0.25,,,,1,0,10,False,True,VR_User_Behavior_Dataset_(Spherical_Video_Streaming),,sweeps/9ac1eb6cda/runs/bilstm_050ae6d0e5_fold0/best.pth,runs/2026-09-02/14-12-33_sweep,b849102-dirty
2026-09-02T14:14:11,train,False,xrsec,users,bilstm,,pair_bce,diff_linear,full,9ac1eb6cda,per_dataset,True,,,,,,0.5904296875,0.617578125,0.6521484375,0.5899223327636719,0.4222656190395355,19,0.8292410714285714,0.593359375,0.4081080641065325,1.0563056230545045,20,,67,5,20,100,128,512,1024,0.001,0.0,0.25,,,,1,0,10,False,True,VR_User_Behavior_Dataset_(Spherical_Video_Streaming),,sweeps/9ac1eb6cda/runs/bilstm_050ae6d0e5_fold1/best.pth,runs/2026-09-02/14-12-33_sweep,b849102-dirty
2026-09-02T14:14:42,train,False,xrsec,users,bilstm,,pair_bce,diff_linear,full,9ac1eb6cda,per_dataset,True,,,,,,0.6142578125,0.628125,0.65703125,0.6403141784667968,0.3863281309604645,8,0.8518415178571429,0.59453125,0.36511409069810596,1.0184269070625305,20,,67,5,20,100,128,512,1024,0.001,0.0,0.25,,,,1,0,10,False,True,VR_User_Behavior_Dataset_(Spherical_Video_Streaming),,sweeps/9ac1eb6cda/runs/bilstm_050ae6d0e5_fold2/best.pth,runs/2026-09-02/14-12-33_sweep,b849102-dirty
2026-09-02T14:15:12,train,False,xrsec,users,bilstm,,pair_bce,diff_linear,full,9ac1eb6cda,per_dataset,True,,,,,,0.6560329861111112,0.7124565972222222,0.6154296875,0.7053991247106481,0.3428819477558136,5,0.8006465517241379,0.6840277777777778,0.4331081632910104,0.6887819502088759,20,,67,5,20,100,128,512,1024,0.001,0.0,0.25,,,,1,0,9,False,True,VR_User_Behavior_Dataset_(Spherical_Video_Streaming),,sweeps/9ac1eb6cda/runs/bilstm_050ae6d0e5_fold3/best.pth,runs/2026-09-02/14-12-33_sweep,b849102-dirty
2026-09-02T14:15:42,train,False,xrsec,users,bilstm,,pair_bce,diff_linear,full,9ac1eb6cda,per_dataset,True,,,,,,0.6195746527777778,0.6226128472222222,0.6607421875,0.6623945824893904,0.3836805522441864,18,0.8622710129310345,0.6182725694444444,0.3381888547848011,0.9848691821098328,20,,67,5,20,100,128,512,1024,0.001,0.0,0.25,,,,1,0,9,False,True,VR_User_Behavior_Dataset_(Spherical_Video_Streaming),,sweeps/9ac1eb6cda/runs/bilstm_050ae6d0e5_fold4/best.pth,runs/2026-09-02/14-12-33_sweep,b849102-dirty
2026-09-02T14:16:19,train,False,xrsec,users,bilstm,,identity_softmax,diff_linear,full,9ac1eb6cda,per_dataset,True,,,,,,0.6806640625,0.7107421875,0.6390625,0.7133477783203125,0.3648437559604645,19,0.8018042553191489,0.675,1.8408801463837319,1.0967375755310058,20,,67,5,20,100,128,512,1024,0.001,0.0,0.25,,,,1,0,10,False,True,VR_User_Behavior_Dataset_(Spherical_Video_Streaming),,sweeps/9ac1eb6cda/runs/bilstm_5af5db3123_fold0/best.pth,runs/2026-09-02/14-12-33_sweep,b849102-dirty
2026-09-02T14:16:54,train,False,xrsec,users,bilstm,,identity_softmax,diff_linear,full,9ac1eb6cda,per_dataset,True,,,,,,0.66328125,0.7025390625,0.7,0.6938264465332031,0.36835938692092896,7,0.7877591312931885,0.6498046875,1.9878223648753668,1.2584870100021361,20,,67,5,20,100,128,512,1024,0.001,0.0,0.25,,,,1,0,10,False,True,VR_User_Behavior_Dataset_(Spherical_Video_Streaming),,sweeps/9ac1eb6cda/runs/bilstm_5af5db3123_fold1/best.pth,runs/2026-09-02/14-12-33_sweep,b849102-dirty
2026-09-02T14:17:30,train,False,xrsec,users,bilstm,,identity_softmax,diff_linear,full,9ac1eb6cda,per_dataset,True,,,,,,0.6669921875,0.6779296875,0.7091796875,0.7381240844726562,0.341796875,3,0.8271037581699346,0.6583984375,1.5826538557060923,1.4784388542175293,20,,67,5,20,100,128,512,1024,0.001,0.0,0.25,,,,1,0,10,False,True,VR_User_Behavior_Dataset_(Spherical_Video_Streaming),,sweeps/9ac1eb6cda/runs/bilstm_5af5db3123_fold2/best.pth,runs/2026-09-02/14-12-33_sweep,b849102-dirty
2026-09-02T14:18:05,train,False,xrsec,users,bilstm,,identity_softmax,diff_linear,full,9ac1eb6cda,per_dataset,True,,,,,,0.7417534722222222,0.7467447916666666,0.67109375,0.7937979992525077,0.2764756977558136,11,0.770623808584763,0.7098524305555556,2.149415489563628,0.8921101755566068,20,,67,5,20,100,128,512,1024,0.001,0.0,0.25,,,,1,0,9,False,True,VR_User_Behavior_Dataset_(Spherical_Video_Streaming),,sweeps/9ac1eb6cda/runs/bilstm_5af5db3123_fold3/best.pth,runs/2026-09-02/14-12-33_sweep,b849102-dirty
2026-09-02T14:18:41,train,False,xrsec,users,bilstm,,identity_softmax,diff_linear,full,9ac1eb6cda,per_dataset,True,,,,,,0.6716579861111112,0.6840277777777778,0.687109375,0.7287695613908179,0.3402777910232544,5,0.7695897975282672,0.6603732638888888,2.1789919217887315,1.2653338114420574,20,,67,5,20,100,128,512,1024,0.001,0.0,0.25,,,,1,0,9,False,True,VR_User_Behavior_Dataset_(Spherical_Video_Streaming),,sweeps/9ac1eb6cda/runs/bilstm_5af5db3123_fold4/best.pth,runs/2026-09-02/14-12-33_sweep,b849102-dirty
2026-09-02T14:19:08,train,False,xrsec,users,motion_gram,,pair_bce,diff_linear,full,9ac1eb6cda,per_dataset,True,,,,,,0.582421875,0.603125,0.5875,0.6013522338867188,0.41093748807907104,3,0.9130859375,0.5982421875,0.2213991486600467,1.2502454757690429,20,,67,5,20,100,128,512,1024,0.001,0.0,0.25,,,,1,0,10,False,True,VR_User_Behavior_Dataset_(Spherical_Video_Streaming),,sweeps/9ac1eb6cda/runs/motion_gram_f7dfce5151_fold0/best.pth,runs/2026-09-02/14-12-33_sweep,b849102-dirty
2026-09-02T14:19:34,train,False,xrsec,users,motion_gram,,pair_bce,diff_linear,full,9ac1eb6cda,per_dataset,True,,,,,,0.5814453125,0.5890625,0.6302734375,0.6087054443359375,0.412109375,18,0.8884626116071429,0.57890625,0.2719664807830538,1.1949275493621827,20,,67,5,20,100,128,512,1024,0.001,0.0,0.25,,,,1,0,10,False,True,VR_User_Behavior_Dataset_(Spherical_Video_Streaming),,sweeps/9ac1eb6cda/runs/motion_gram_f7dfce5151_fold1/best.pth,runs/2026-09-02/14-12-33_sweep,b849102-dirty
2026-09-02T14:20:01,train,False,xrsec,users,motion_gram,,pair_bce,diff_linear,full,9ac1eb6cda,per_dataset,True,,,,,,0.6125,0.6205078125,0.6263671875,0.6523780822753906,0.38671875,6,0.9055524553571429,0.612890625,0.2383798137307167,1.055276131629944,20,,67,5,20,100,128,512,1024,0.001,0.0,0.25,,,,1,0,10,False,True,VR_User_Behavior_Dataset_(Spherical_Video_Streaming),,sweeps/9ac1eb6cda/runs/motion_gram_f7dfce5151_fold2/best.pth,runs/2026-09-02/14-12-33_sweep,b849102-dirty
2026-09-02T14:20:28,train,False,xrsec,users,motion_gram,,pair_bce,diff_linear,full,9ac1eb6cda,per_dataset,True,,,,,,0.6555989583333334,0.6616753472222222,0.584765625,0.7011091444227431,0.3446180522441864,16,0.8826778017241379,0.658203125,0.2847269794036602,0.9169256819619073,20,,67,5,20,100,128,512,1024,0.001,0.0,0.25,,,,1,0,9,False,True,VR_User_Behavior_Dataset_(Spherical_Video_Streaming),,sweeps/9ac1eb6cda/runs/motion_gram_f7dfce5151_fold3/best.pth,runs/2026-09-02/14-12-33_sweep,b849102-dirty
2026-09-02T14:20:54,train,False,xrsec,users,motion_gram,,pair_bce,diff_linear,full,9ac1eb6cda,per_dataset,True,,,,,,0.5872395833333334,0.6087239583333334,0.6107421875,0.6276783884307484,0.41015625,16,0.8970905172413793,0.5900607638888888,0.2550471671696367,1.162420564227634,20,,67,5,20,100,128,512,1024,0.001,0.0,0.25,,,,1,0,9,False,True,VR_User_Behavior_Dataset_(Spherical_Video_Streaming),,sweeps/9ac1eb6cda/runs/motion_gram_f7dfce5151_fold4/best.pth,runs/2026-09-02/14-12-33_sweep,b849102-dirty
2026-09-02T14:21:25,train,False,xrsec,users,motion_gram,,identity_softmax,diff_linear,full,9ac1eb6cda,per_dataset,True,,,,,,0.580859375,0.618359375,0.591796875,0.6380316162109375,0.40937501192092896,2,0.5955744680851064,0.618359375,3.139397349329198,0.7055180788040161,20,,67,5,20,100,128,512,1024,0.001,0.0,0.25,,,,1,0,10,False,True,VR_User_Behavior_Dataset_(Spherical_Video_Streaming),,sweeps/9ac1eb6cda/runs/motion_gram_3d9503b65c_fold0/best.pth,runs/2026-09-02/14-12-33_sweep,b849102-dirty
2026-09-02T14:21:56,train,False,xrsec,users,motion_gram,,identity_softmax,diff_linear,full,9ac1eb6cda,per_dataset,True,,,,,,0.5744140625,0.58984375,0.6076171875,0.6197396850585938,0.423828125,14,0.5517581781665929,0.5724609375,3.523142175352727,0.7492415547370911,20,,67,5,20,100,128,512,1024,0.001,0.0,0.25,,,,1,0,10,False,True,VR_User_Behavior_Dataset_(Spherical_Video_Streaming),,sweeps/9ac1eb6cda/runs/motion_gram_3d9503b65c_fold1/best.pth,runs/2026-09-02/14-12-33_sweep,b849102-dirty
2026-09-02T14:22:27,train,False,xrsec,users,motion_gram,,identity_softmax,diff_linear,full,9ac1eb6cda,per_dataset,True,,,,,,0.6154296875,0.6220703125,0.6224609375,0.6517041778564453,0.400390625,16,0.60505174291939,0.61171875,2.995893975488501,0.8080980539321899,20,,67,5,20,100,128,512,1024,0.001,0.0,0.25,,,,1,0,10,False,True,VR_User_Behavior_Dataset_(Spherical_Video_Streaming),,sweeps/9ac1eb6cda/runs/motion_gram_3d9503b65c_fold2/best.pth,runs/2026-09-02/14-12-33_sweep,b849102-dirty
2026-09-02T14:22:58,train,False,xrsec,users,motion_gram,,identity_softmax,diff_linear,full,9ac1eb6cda,per_dataset,True,,,,,,0.6330295138888888,0.6473524305555556,0.6037109375,0.6838906370563271,0.37109375,20,0.5436797475843029,0.6330295138888888,3.6209492763964874,0.7042278978559706,20,,67,5,20,100,128,512,1024,0.001,0.0,0.25,,,,1,0,9,False,True,VR_User_Behavior_Dataset_(Spherical_Video_Streaming),,sweeps/9ac1eb6cda/runs/motion_gram_3d9503b65c_fold3/best.pth,runs/2026-09-02/14-12-33_sweep,b849102-dirty
2026-09-02T14:23:29,train,False,xrsec,users,motion_gram,,identity_softmax,diff_linear,full,9ac1eb6cda,per_dataset,True,,,,,,0.5863715277777778,0.6039496527777778,0.5970703125,0.6186287962360146,0.4223090410232544,20,0.5831580331317381,0.5863715277777778,3.208480734841434,0.7939041720496284,20,,67,5,20,100,128,512,1024,0.001,0.0,0.25,,,,1,0,9,False,True,VR_User_Behavior_Dataset_(Spherical_Video_Streaming),,sweeps/9ac1eb6cda/runs/motion_gram_3d9503b65c_fold4/best.pth,runs/2026-09-02/14-12-33_sweep,b849102-dirty
2026-09-02T14:24:21,train,False,xrsec,users,motion_tdnn,,pair_bce,diff_linear,full,9ac1eb6cda,per_dataset,True,,,,,,0.5904296875,0.629296875,0.5998046875,0.6049296569824218,0.41015625,14,0.9392438616071429,0.629296875,0.16168565515960967,1.3817538022994995,20,,67,5,20,100,128,512,1024,0.001,0.0,0.25,,,,1,0,10,False,True,VR_User_Behavior_Dataset_(Spherical_Video_Streaming),,sweeps/9ac1eb6cda/runs/motion_tdnn_1e93a1468a_fold0/best.pth,runs/2026-09-02/14-12-33_sweep,b849102-dirty
2026-09-02T14:25:14,train,False,xrsec,users,motion_tdnn,,pair_bce,diff_linear,full,9ac1eb6cda,per_dataset,True,,,,,,0.6169921875,0.6169921875,0.6615234375,0.6388338470458984,0.3832031190395355,1,0.931640625,0.6076171875,0.1792781033686229,1.3953105211257935,20,,67,5,20,100,128,512,1024,0.001,0.0,0.25,,,,1,0,10,False,True,VR_User_Behavior_Dataset_(Spherical_Video_Streaming),,sweeps/9ac1eb6cda/runs/motion_tdnn_1e93a1468a_fold1/best.pth,runs/2026-09-02/14-12-33_sweep,b849102-dirty
2026-09-02T14:26:07,train,False,xrsec,users,motion_tdnn,,pair_bce,diff_linear,full,9ac1eb6cda,per_dataset,True,,,,,,0.61640625,0.6373046875,0.653125,0.6791336059570312,0.376953125,15,0.9460100446428571,0.616796875,0.15187894978693553,1.2680626153945922,20,,67,5,20,100,128,512,1024,0.001,0.0,0.25,,,,1,0,10,False,True,VR_User_Behavior_Dataset_(Spherical_Video_Streaming),,sweeps/9ac1eb6cda/runs/motion_tdnn_1e93a1468a_fold2/best.pth,runs/2026-09-02/14-12-33_sweep,b849102-dirty
2026-09-02T14:27:00,train,False,xrsec,users,motion_tdnn,,pair_bce,diff_linear,full,9ac1eb6cda,per_dataset,True,,,,,,0.6657986111111112,0.6896701388888888,0.6064453125,0.7159381442599826,0.3294270932674408,15,0.9349407327586207,0.6701388888888888,0.17812763719723143,0.8975629210472107,20,,67,5,20,100,128,512,1024,0.001,0.0,0.25,,,,1,0,9,False,True,VR_User_Behavior_Dataset_(Spherical_Video_Streaming),,sweeps/9ac1eb6cda/runs/motion_tdnn_1e93a1468a_fold3/best.pth,runs/2026-09-02/14-12-33_sweep,b849102-dirty
2026-09-02T14:27:53,train,False,xrsec,users,motion_tdnn,,pair_bce,diff_linear,full,9ac1eb6cda,per_dataset,True,,,,,,0.6286892361111112,0.6417100694444444,0.657421875,0.6694324634693287,0.3671875,15,0.9388469827586207,0.6315104166666666,0.17088263610313678,1.2254991001553006,20,,67,5,20,100,128,512,1024,0.001,0.0,0.25,,,,1,0,9,False,True,VR_User_Behavior_Dataset_(Spherical_Video_Streaming),,sweeps/9ac1eb6cda/runs/motion_tdnn_1e93a1468a_fold4/best.pth,runs/2026-09-02/14-12-33_sweep,b849102-dirty
2026-09-02T14:28:53,train,False,xrsec,users,motion_tdnn,,identity_softmax,diff_linear,full,9ac1eb6cda,per_dataset,True,,,,,,0.7015625,0.7314453125,0.662109375,0.7580913543701172,0.30859375,5,0.8148425531914893,0.70390625,1.4238304488080613,1.1972132205963135,20,,67,5,20,100,128,512,1024,0.001,0.0,0.25,,,,1,0,10,False,True,VR_User_Behavior_Dataset_(Spherical_Video_Streaming),,sweeps/9ac1eb6cda/runs/motion_tdnn_3943556fa6_fold0/best.pth,runs/2026-09-02/14-12-33_sweep,b849102-dirty
2026-09-02T14:29:53,train,False,xrsec,users,motion_tdnn,,identity_softmax,diff_linear,full,9ac1eb6cda,per_dataset,True,,,,,,0.6814453125,0.6814453125,0.70546875,0.6988552856445313,0.3539062440395355,4,0.8103278074684277,0.653515625,1.4413326771445891,1.444360899925232,20,,67,5,20,100,128,512,1024,0.001,0.0,0.25,,,,1,0,10,False,True,VR_User_Behavior_Dataset_(Spherical_Video_Streaming),,sweeps/9ac1eb6cda/runs/motion_tdnn_3943556fa6_fold1/best.pth,runs/2026-09-02/14-12-33_sweep,b849102-dirty
2026-09-02T14:30:53,train,False,xrsec,users,motion_tdnn,,identity_softmax,diff_linear,full,9ac1eb6cda,per_dataset,True,,,,,,0.6544921875,0.6763671875,0.7267578125,0.7156649780273437,0.36796873807907104,1,0.8255378540305011,0.6455078125,1.309706764283523,1.8429831981658935,20,,67,5,20,100,128,512,1024,0.001,0.0,0.25,,,,1,0,10,False,True,VR_User_Behavior_Dataset_(Spherical_Video_Streaming),,sweeps/9ac1eb6cda/runs/motion_tdnn_3943556fa6_fold2/best.pth,runs/2026-09-02/14-12-33_sweep,b849102-dirty
2026-09-02T14:31:53,train,False,xrsec,users,motion_tdnn,,identity_softmax,diff_linear,full,9ac1eb6cda,per_dataset,True,,,,,,0.7259114583333334,0.7556423611111112,0.6642578125,0.7628917929566936,0.2986111044883728,5,0.7903109182935647,0.6868489583333334,1.6482482908244263,1.1990358961953058,20,,67,5,20,100,128,512,1024,0.001,0.0,0.25,,,,1,0,9,False,True,VR_User_Behavior_Dataset_(Spherical_Video_Streaming),,sweeps/9ac1eb6cda/runs/motion_tdnn_3943556fa6_fold3/best.pth,runs/2026-09-02/14-12-33_sweep,b849102-dirty
2026-09-02T14:32:54,train,False,xrsec,users,motion_tdnn,,identity_softmax,diff_linear,full,9ac1eb6cda,per_dataset,True,,,,,,0.66796875,0.6710069444444444,0.72265625,0.7386007426697531,0.3263888955116272,2,0.8105114383381541,0.6525607638888888,1.4512309350059625,1.4947376781039767,20,,67,5,20,100,128,512,1024,0.001,0.0,0.25,,,,1,0,9,False,True,VR_User_Behavior_Dataset_(Spherical_Video_Streaming),,sweeps/9ac1eb6cda/runs/motion_tdnn_3943556fa6_fold4/best.pth,runs/2026-09-02/14-12-33_sweep,b849102-dirty
2026-09-02T14:33:41,train,False,xrsec,users,paper_gnn_bilstm,,pair_bce,diff_linear,full,9ac1eb6cda,per_dataset,True,,,,,,0.5923828125,0.6322265625,0.5982421875,0.62205810546875,0.40351563692092896,9,0.8772321428571429,0.6294921875,0.29884529965264456,1.0261453628540038,20,,67,5,20,100,128,512,1024,0.001,0.0,0.25,,,,1,0,10,False,True,VR_User_Behavior_Dataset_(Spherical_Video_Streaming),,sweeps/9ac1eb6cda/runs/paper_gnn_bilstm_87e271a630_fold0/best.pth,runs/2026-09-02/14-12-33_sweep,b849102-dirty
2026-09-02T14:34:27,train,False,xrsec,users,paper_gnn_bilstm,,pair_bce,diff_linear,full,9ac1eb6cda,per_dataset,True,,,,,,0.6001953125,0.60859375,0.6548828125,0.6196934509277344,0.400390625,13,0.86572265625,0.600390625,0.33153820037841797,1.0990969657897949,20,,67,5,20,100,128,512,1024,0.001,0.0,0.25,,,,1,0,10,False,True,VR_User_Behavior_Dataset_(Spherical_Video_Streaming),,sweeps/9ac1eb6cda/runs/paper_gnn_bilstm_87e271a630_fold1/best.pth,runs/2026-09-02/14-12-33_sweep,b849102-dirty
2026-09-02T14:35:14,train,False,xrsec,users,paper_gnn_bilstm,,pair_bce,diff_linear,full,9ac1eb6cda,per_dataset,True,,,,,,0.614453125,0.6236328125,0.6537109375,0.6416482543945312,0.38945311307907104,16,0.8401925223214286,0.615625,0.3766731172800064,0.9996127367019654,20,,67,5,20,100,128,512,1024,0.001,0.0,0.25,,,,1,0,10,False,True,VR_User_Behavior_Dataset_(Spherical_Video_Streaming),,sweeps/9ac1eb6cda/runs/paper_gnn_bilstm_87e271a630_fold2/best.pth,runs/2026-09-02/14-12-33_sweep,b849102-dirty
2026-09-02T14:36:00,train,False,xrsec,users,paper_gnn_bilstm,,pair_bce,diff_linear,full,9ac1eb6cda,per_dataset,True,,,,,,0.6803385416666666,0.6803385416666666,0.6171875,0.7403464611665702,0.3111979067325592,20,0.84375,0.6803385416666666,0.36974537680888997,0.7089419033792284,20,,67,5,20,100,128,512,1024,0.001,0.0,0.25,,,,1,0,9,False,True,VR_User_Behavior_Dataset_(Spherical_Video_Streaming),,sweeps/9ac1eb6cda/runs/paper_gnn_bilstm_87e271a630_fold3/best.pth,runs/2026-09-02/14-12-33_sweep,b849102-dirty
2026-09-02T14:36:47,train,False,xrsec,users,paper_gnn_bilstm,,pair_bce,diff_linear,full,9ac1eb6cda,per_dataset,True,,,,,,0.6195746527777778,0.6330295138888888,0.646875,0.6370746000313464,0.3958333432674408,13,0.8756061422413793,0.6137152777777778,0.3202001606595927,1.0656006336212158,20,,67,5,20,100,128,512,1024,0.001,0.0,0.25,,,,1,0,9,False,True,VR_User_Behavior_Dataset_(Spherical_Video_Streaming),,sweeps/9ac1eb6cda/runs/paper_gnn_bilstm_87e271a630_fold4/best.pth,runs/2026-09-02/14-12-33_sweep,b849102-dirty
2026-09-02T14:37:40,train,False,xrsec,users,paper_gnn_bilstm,,identity_softmax,diff_linear,full,9ac1eb6cda,per_dataset,True,,,,,,0.6857421875,0.7013671875,0.6486328125,0.7532893371582031,0.3207031190395355,15,0.804527659574468,0.6890625,2.0437253198177254,1.0142224192619325,20,,67,5,20,100,128,512,1024,0.001,0.0,0.25,,,,1,0,10,False,True,VR_User_Behavior_Dataset_(Spherical_Video_Streaming),,sweeps/9ac1eb6cda/runs/paper_gnn_bilstm_49917014b9_fold0/best.pth,runs/2026-09-02/14-12-33_sweep,b849102-dirty
2026-09-02T14:38:34,train,False,xrsec,users,paper_gnn_bilstm,,identity_softmax,diff_linear,full,9ac1eb6cda,per_dataset,True,,,,,,0.673046875,0.7013671875,0.7044921875,0.7011698913574219,0.35429686307907104,8,0.8136637505531539,0.6712890625,1.867036855727628,1.1112780809402465,20,,67,5,20,100,128,512,1024,0.001,0.0,0.25,,,,1,0,10,False,True,VR_User_Behavior_Dataset_(Spherical_Video_Streaming),,sweeps/9ac1eb6cda/runs/paper_gnn_bilstm_49917014b9_fold1/best.pth,runs/2026-09-02/14-12-33_sweep,b849102-dirty
2026-09-02T14:39:27,train,False,xrsec,users,paper_gnn_bilstm,,identity_softmax,diff_linear,full,9ac1eb6cda,per_dataset,True,,,,,,0.6791015625,0.6791015625,0.7275390625,0.7168011474609375,0.34765625,3,0.866489651416122,0.64375,1.2827551528519274,1.782172727584839,20,,67,5,20,100,128,512,1024,0.001,0.0,0.25,,,,1,0,10,False,True,VR_User_Behavior_Dataset_(Spherical_Video_Streaming),,sweeps/9ac1eb6cda/runs/paper_gnn_bilstm_49917014b9_fold2/best.pth,runs/2026-09-02/14-12-33_sweep,b849102-dirty
2026-09-02T14:40:21,train,False,xrsec,users,paper_gnn_bilstm,,identity_softmax,diff_linear,full,9ac1eb6cda,per_dataset,True,,,,,,0.7302517361111112,0.7641059027777778,0.65546875,0.7907300407503858,0.2829861044883728,14,0.7919542496549005,0.7302517361111112,2.0430261884569094,0.843789365556505,20,,67,5,20,100,128,512,1024,0.001,0.0,0.25,,,,1,0,9,False,True,VR_User_Behavior_Dataset_(Spherical_Video_Streaming),,sweeps/9ac1eb6cda/runs/paper_gnn_bilstm_49917014b9_fold3/best.pth,runs/2026-09-02/14-12-33_sweep,b849102-dirty
2026-09-02T14:41:15,train,False,xrsec,users,paper_gnn_bilstm,,identity_softmax,diff_linear,full,9ac1eb6cda,per_dataset,True,,,,,,0.6651475694444444,0.6755642361111112,0.6939453125,0.7197472843123071,0.3480902910232544,7,0.8366092558506443,0.650390625,1.592709493894123,1.4184708462821112,20,,67,5,20,100,128,512,1024,0.001,0.0,0.25,,,,1,0,9,False,True,VR_User_Behavior_Dataset_(Spherical_Video_Streaming),,sweeps/9ac1eb6cda/runs/paper_gnn_bilstm_49917014b9_fold4/best.pth,runs/2026-09-02/14-12-33_sweep,b849102-dirty
2026-09-02T14:41:35,train,False,xrsec,users,random,,pair_bce,diff_linear,full,9ac1eb6cda,per_dataset,True,,,,,,0.499609375,0.510546875,0.514453125,0.49981185913085935,0.49687498807907104,18,0.49937220982142855,0.4966796875,0.6940901364598956,0.6940733551979065,20,,67,5,20,100,128,512,1024,0.001,0.0,0.25,,,,1,0,10,False,True,VR_User_Behavior_Dataset_(Spherical_Video_Streaming),,sweeps/9ac1eb6cda/runs/random_ca9e1f926e_fold0/best.pth,runs/2026-09-02/14-12-33_sweep,b849102-dirty
2026-09-02T14:41:57,train,False,xrsec,users,random,,pair_bce,diff_linear,full,9ac1eb6cda,per_dataset,True,,,,,,0.499609375,0.510546875,0.514453125,0.49981185913085935,0.49687498807907104,18,0.49937220982142855,0.4966796875,0.6940901364598956,0.6940733551979065,20,,67,5,20,100,128,512,1024,0.001,0.0,0.25,,,,1,0,10,False,True,VR_User_Behavior_Dataset_(Spherical_Video_Streaming),,sweeps/9ac1eb6cda/runs/random_ca9e1f926e_fold1/best.pth,runs/2026-09-02/14-12-33_sweep,b849102-dirty
2026-09-02T14:42:19,train,False,xrsec,users,random,,pair_bce,diff_linear,full,9ac1eb6cda,per_dataset,True,,,,,,0.499609375,0.510546875,0.514453125,0.49981185913085935,0.49687498807907104,18,0.49937220982142855,0.4966796875,0.6940901364598956,0.6940733551979065,20,,67,5,20,100,128,512,1024,0.001,0.0,0.25,,,,1,0,10,False,True,VR_User_Behavior_Dataset_(Spherical_Video_Streaming),,sweeps/9ac1eb6cda/runs/random_ca9e1f926e_fold2/best.pth,runs/2026-09-02/14-12-33_sweep,b849102-dirty
2026-09-02T14:42:39,train,False,xrsec,users,random,,pair_bce,diff_linear,full,9ac1eb6cda,per_dataset,True,,,,,,0.5041232638888888,0.5188802083333334,0.513671875,0.5084303867669753,0.4956597089767456,12,0.49811422413793105,0.5006510416666666,0.693680348067448,0.6939679516686333,20,,67,5,20,100,128,512,1024,0.001,0.0,0.25,,,,1,0,9,False,True,VR_User_Behavior_Dataset_(Spherical_Video_Streaming),,sweeps/9ac1eb6cda/runs/random_ca9e1f926e_fold3/best.pth,runs/2026-09-02/14-12-33_sweep,b849102-dirty
2026-09-02T14:43:00,train,False,xrsec,users,random,,pair_bce,diff_linear,full,9ac1eb6cda,per_dataset,True,,,,,,0.5041232638888888,0.5188802083333334,0.513671875,0.5084303867669753,0.4956597089767456,12,0.49811422413793105,0.5006510416666666,0.693680348067448,0.6939679516686333,20,,67,5,20,100,128,512,1024,0.001,0.0,0.25,,,,1,0,9,False,True,VR_User_Behavior_Dataset_(Spherical_Video_Streaming),,sweeps/9ac1eb6cda/runs/random_ca9e1f926e_fold4/best.pth,runs/2026-09-02/14-12-33_sweep,b849102-dirty
2026-09-02T14:43:24,train,False,xrsec,users,random,,identity_softmax,diff_linear,full,9ac1eb6cda,per_dataset,True,,,,,,0.4927734375,0.5126953125,0.5048828125,0.49049911499023435,0.5015624761581421,6,0.0,0.5,13.829945984633426,0.6932262897491455,20,,67,5,20,100,128,512,1024,0.001,0.0,0.25,,,,1,0,10,False,True,VR_User_Behavior_Dataset_(Spherical_Video_Streaming),,sweeps/9ac1eb6cda/runs/random_d08af78ecf_fold0/best.pth,runs/2026-09-02/14-12-33_sweep,b849102-dirty
2026-09-02T14:43:49,train,False,xrsec,users,random,,identity_softmax,diff_linear,full,9ac1eb6cda,per_dataset,True,,,,,,0.4927734375,0.5126953125,0.5048828125,0.49049911499023435,0.5015624761581421,6,0.0,0.5,13.828444257191407,0.6932262897491455,20,,67,5,20,100,128,512,1024,0.001,0.0,0.25,,,,1,0,10,False,True,VR_User_Behavior_Dataset_(Spherical_Video_Streaming),,sweeps/9ac1eb6cda/runs/random_d08af78ecf_fold1/best.pth,runs/2026-09-02/14-12-33_sweep,b849102-dirty
2026-09-02T14:44:14,train,False,xrsec,users,random,,identity_softmax,diff_linear,full,9ac1eb6cda,per_dataset,True,,,,,,0.4927734375,0.5126953125,0.5048828125,0.49049911499023435,0.5015624761581421,6,0.0,0.5,13.82902674165946,0.6932262897491455,20,,67,5,20,100,128,512,1024,0.001,0.0,0.25,,,,1,0,10,False,True,VR_User_Behavior_Dataset_(Spherical_Video_Streaming),,sweeps/9ac1eb6cda/runs/random_d08af78ecf_fold2/best.pth,runs/2026-09-02/14-12-33_sweep,b849102-dirty
2026-09-02T14:44:38,train,False,xrsec,users,random,,identity_softmax,diff_linear,full,9ac1eb6cda,per_dataset,True,,,,,,0.4976128472222222,0.5112847222222222,0.509765625,0.5018917130835262,0.4995659589767456,19,0.0,0.4921875,13.860602565405049,0.6937689052687751,20,,67,5,20,100,128,512,1024,0.001,0.0,0.25,,,,1,0,9,False,True,VR_User_Behavior_Dataset_(Spherical_Video_Streaming),,sweeps/9ac1eb6cda/runs/random_d08af78ecf_fold3/best.pth,runs/2026-09-02/14-12-33_sweep,b849102-dirty
2026-09-02T14:45:01,train,False,xrsec,users,random,,identity_softmax,diff_linear,full,9ac1eb6cda,per_dataset,True,,,,,,0.4976128472222222,0.5112847222222222,0.509765625,0.5018917130835262,0.4995659589767456,19,0.0,0.4921875,13.862117189813093,0.6937689052687751,20,,67,5,20,100,128,512,1024,0.001,0.0,0.25,,,,1,0,9,False,True,VR_User_Behavior_Dataset_(Spherical_Video_Streaming),,sweeps/9ac1eb6cda/runs/random_d08af78ecf_fold4/best.pth,runs/2026-09-02/14-12-33_sweep,b849102-dirty
2026-09-02T14:54:49,train,False,xrsec,users,bilstm,,identity_softmax,diff_linear,full,3b5a5d7420,per_dataset,True,False,,,,,0.6806640625,0.7107421875,0.6390625,0.7133477783203125,0.3648437559604645,19,0.8018042553191489,0.675,1.8408801463837319,1.0967375755310058,20,,67,5,20,100,128,512,1024,0.001,0.0,0.25,,,,1,0,10,False,True,VR_User_Behavior_Dataset_(Spherical_Video_Streaming),,sweeps/3b5a5d7420/runs/bilstm_bf1dba9806_fold0/best.pth,runs/2026-09-02/14-53-37_sweep,8a33bae-dirty
2026-09-02T14:55:25,train,False,xrsec,users,bilstm,,identity_softmax,diff_linear,full,3b5a5d7420,per_dataset,True,False,,,,,0.66328125,0.7025390625,0.7,0.6938264465332031,0.36835938692092896,7,0.7877591312931885,0.6498046875,1.9878223648753668,1.2584870100021361,20,,67,5,20,100,128,512,1024,0.001,0.0,0.25,,,,1,0,10,False,True,VR_User_Behavior_Dataset_(Spherical_Video_Streaming),,sweeps/3b5a5d7420/runs/bilstm_bf1dba9806_fold1/best.pth,runs/2026-09-02/14-53-37_sweep,8a33bae-dirty
2026-09-02T14:56:01,train,False,xrsec,users,bilstm,,identity_softmax,diff_linear,full,3b5a5d7420,per_dataset,True,False,,,,,0.6669921875,0.6779296875,0.7091796875,0.7381240844726562,0.341796875,3,0.8271037581699346,0.6583984375,1.5826538557060923,1.4784388542175293,20,,67,5,20,100,128,512,1024,0.001,0.0,0.25,,,,1,0,10,False,True,VR_User_Behavior_Dataset_(Spherical_Video_Streaming),,sweeps/3b5a5d7420/runs/bilstm_bf1dba9806_fold2/best.pth,runs/2026-09-02/14-53-37_sweep,8a33bae-dirty
2026-09-02T14:56:36,train,False,xrsec,users,bilstm,,identity_softmax,diff_linear,full,3b5a5d7420,per_dataset,True,False,,,,,0.7417534722222222,0.7467447916666666,0.67109375,0.7937979992525077,0.2764756977558136,11,0.770623808584763,0.7098524305555556,2.149415489563628,0.8921101755566068,20,,67,5,20,100,128,512,1024,0.001,0.0,0.25,,,,1,0,9,False,True,VR_User_Behavior_Dataset_(Spherical_Video_Streaming),,sweeps/3b5a5d7420/runs/bilstm_bf1dba9806_fold3/best.pth,runs/2026-09-02/14-53-37_sweep,8a33bae-dirty
2026-09-02T14:57:12,train,False,xrsec,users,bilstm,,identity_softmax,diff_linear,full,3b5a5d7420,per_dataset,True,False,,,,,0.6716579861111112,0.6840277777777778,0.687109375,0.7287695613908179,0.3402777910232544,5,0.7695897975282672,0.6603732638888888,2.1789919217887315,1.2653338114420574,20,,67,5,20,100,128,512,1024,0.001,0.0,0.25,,,,1,0,9,False,True,VR_User_Behavior_Dataset_(Spherical_Video_Streaming),,sweeps/3b5a5d7420/runs/bilstm_bf1dba9806_fold4/best.pth,runs/2026-09-02/14-53-37_sweep,8a33bae-dirty
2026-09-02T14:57:49,train,False,xrsec,users,bilstm,,identity_softmax,diff_linear,full,3b5a5d7420,per_dataset,True,True,,,,,0.678515625,0.70078125,0.6365234375,0.7350517272949219,0.3531250059604645,17,0.8018042553191489,0.666796875,1.8408801463837319,1.1605852603912354,20,,67,5,20,100,128,512,1024,0.001,0.0,0.25,,,,1,0,10,False,True,VR_User_Behavior_Dataset_(Spherical_Video_Streaming),,sweeps/3b5a5d7420/runs/bilstm_8d226be542_fold0/best.pth,runs/2026-09-02/14-53-37_sweep,8a33bae-dirty
2026-09-02T14:58:26,train,False,xrsec,users,bilstm,,identity_softmax,diff_linear,full,3b5a5d7420,per_dataset,True,True,,,,,0.6400390625,0.694921875,0.6853515625,0.678289794921875,0.37890625,8,0.7877591312931885,0.6314453125,1.9878223648753668,1.326116967201233,20,,67,5,20,100,128,512,1024,0.001,0.0,0.25,,,,1,0,10,False,True,VR_User_Behavior_Dataset_(Spherical_Video_Streaming),,sweeps/3b5a5d7420/runs/bilstm_8d226be542_fold1/best.pth,runs/2026-09-02/14-53-37_sweep,8a33bae-dirty
2026-09-02T14:59:02,train,False,xrsec,users,bilstm,,identity_softmax,diff_linear,full,3b5a5d7420,per_dataset,True,True,,,,,0.654296875,0.65859375,0.6970703125,0.71764404296875,0.36015623807907104,3,0.8271037581699346,0.6349609375,1.5826538557060923,1.453081440925598,20,,67,5,20,100,128,512,1024,0.001,0.0,0.25,,,,1,0,10,False,True,VR_User_Behavior_Dataset_(Spherical_Video_Streaming),,sweeps/3b5a5d7420/runs/bilstm_8d226be542_fold2/best.pth,runs/2026-09-02/14-53-37_sweep,8a33bae-dirty
2026-09-02T14:59:38,train,False,xrsec,users,bilstm,,identity_softmax,diff_linear,full,3b5a5d7420,per_dataset,True,True,,,,,0.7235243055555556,0.734375,0.6595703125,0.7766303545163001,0.2934027910232544,11,0.770623808584763,0.6970486111111112,2.149415489563628,0.9568989409340752,20,,67,5,20,100,128,512,1024,0.001,0.0,0.25,,,,1,0,9,False,True,VR_User_Behavior_Dataset_(Spherical_Video_Streaming),,sweeps/3b5a5d7420/runs/bilstm_8d226be542_fold3/best.pth,runs/2026-09-02/14-53-37_sweep,8a33bae-dirty
2026-09-02T15:00:15,train,False,xrsec,users,bilstm,,identity_softmax,diff_linear,full,3b5a5d7420,per_dataset,True,True,,,,,0.6493055555555556,0.6740451388888888,0.683203125,0.7110644681954089,0.3515625,5,0.7695897975282672,0.650390625,2.1789919217887315,1.3360873725679185,20,,67,5,20,100,128,512,1024,0.001,0.0,0.25,,,,1,0,9,False,True,VR_User_Behavior_Dataset_(Spherical_Video_Streaming),,sweeps/3b5a5d7420/runs/bilstm_8d226be542_fold4/best.pth,runs/2026-09-02/14-53-37_sweep,8a33bae-dirty
2026-09-02T15:01:15,train,False,xrsec,users,motion_tdnn,,identity_softmax,diff_linear,full,3b5a5d7420,per_dataset,True,False,,,,,0.7017578125,0.7310546875,0.6626953125,0.7583540344238281,0.30976563692092896,5,0.8148085106382978,0.7052734375,1.4348958119047448,1.1929356813430787,20,,67,5,20,100,128,512,1024,0.001,0.0,0.25,,,,1,0,10,False,True,VR_User_Behavior_Dataset_(Spherical_Video_Streaming),,sweeps/3b5a5d7420/runs/motion_tdnn_0445b2c957_fold0/best.pth,runs/2026-09-02/14-53-37_sweep,8a33bae-dirty
2026-09-02T15:02:16,train,False,xrsec,users,motion_tdnn,,identity_softmax,diff_linear,full,3b5a5d7420,per_dataset,True,False,,,,,0.6814453125,0.6814453125,0.7046875,0.6987734985351562,0.3531250059604645,4,0.8086598359260646,0.653515625,1.4489394798902753,1.4304027557373047,20,,67,5,20,100,128,512,1024,0.001,0.0,0.25,,,,1,0,10,False,True,VR_User_Behavior_Dataset_(Spherical_Video_Streaming),,sweeps/3b5a5d7420/runs/motion_tdnn_0445b2c957_fold1/best.pth,runs/2026-09-02/14-53-37_sweep,8a33bae-dirty
2026-09-02T15:03:17,train,False,xrsec,users,motion_tdnn,,identity_softmax,diff_linear,full,3b5a5d7420,per_dataset,True,False,,,,,0.65390625,0.676171875,0.7267578125,0.7156121826171875,0.3675781190395355,1,0.8256059368191722,0.6466796875,1.304801762233892,1.8433363914489747,20,,67,5,20,100,128,512,1024,0.001,0.0,0.25,,,,1,0,10,False,True,VR_User_Behavior_Dataset_(Spherical_Video_Streaming),,sweeps/3b5a5d7420/runs/motion_tdnn_0445b2c957_fold2/best.pth,runs/2026-09-02/14-53-37_sweep,8a33bae-dirty
2026-09-02T15:04:17,train,False,xrsec,users,motion_tdnn,,identity_softmax,diff_linear,full,3b5a5d7420,per_dataset,True,False,,,,,0.7263454861111112,0.7556423611111112,0.6638671875,0.7631244423948689,0.2981770932674408,5,0.7906395845658318,0.6857638888888888,1.6559883822415586,1.1754981146918402,20,,67,5,20,100,128,512,1024,0.001,0.0,0.25,,,,1,0,9,False,True,VR_User_Behavior_Dataset_(Spherical_Video_Streaming),,sweeps/3b5a5d7420/runs/motion_tdnn_0445b2c957_fold3/best.pth,runs/2026-09-02/14-53-37_sweep,8a33bae-dirty
2026-09-02T15:05:18,train,False,xrsec,users,motion_tdnn,,identity_softmax,diff_linear,full,3b5a5d7420,per_dataset,True,False,,,,,0.6675347222222222,0.6710069444444444,0.723046875,0.7386915418836806,0.3263888955116272,2,0.8104128319747568,0.6545138888888888,1.452504060753013,1.5191075536939833,20,,67,5,20,100,128,512,1024,0.001,0.0,0.25,,,,1,0,9,False,True,VR_User_Behavior_Dataset_(Spherical_Video_Streaming),,sweeps/3b5a5d7420/runs/motion_tdnn_0445b2c957_fold4/best.pth,runs/2026-09-02/14-53-37_sweep,8a33bae-dirty
2026-09-02T15:06:19,train,False,xrsec,users,motion_tdnn,,identity_softmax,diff_linear,full,3b5a5d7420,per_dataset,True,True,,,,,0.722265625,0.722265625,0.6544921875,0.7805665588378906,0.296875,4,0.8145021276595744,0.6890625,1.4270981866227819,1.2809489965438843,20,,67,5,20,100,128,512,1024,0.001,0.0,0.25,,,,1,0,10,False,True,VR_User_Behavior_Dataset_(Spherical_Video_Streaming),,sweeps/3b5a5d7420/runs/motion_tdnn_e8edda780f_fold0/best.pth,runs/2026-09-02/14-53-37_sweep,8a33bae-dirty
2026-09-02T15:07:21,train,False,xrsec,users,motion_tdnn,,identity_softmax,diff_linear,full,3b5a5d7420,per_dataset,True,True,,,,,0.6626953125,0.6626953125,0.6892578125,0.6758665466308593,0.369140625,4,0.8082853933349219,0.633203125,1.4525695244457706,1.5075811386108398,20,,67,5,20,100,128,512,1024,0.001,0.0,0.25,,,,1,0,10,False,True,VR_User_Behavior_Dataset_(Spherical_Video_Streaming),,sweeps/3b5a5d7420/runs/motion_tdnn_e8edda780f_fold1/best.pth,runs/2026-09-02/14-53-37_sweep,8a33bae-dirty
2026-09-02T15:08:23,train,False,xrsec,users,motion_tdnn,,identity_softmax,diff_linear,full,3b5a5d7420,per_dataset,True,True,,,,,0.637890625,0.6595703125,0.7125,0.6971076965332031,0.38398438692092896,1,0.8261846405228758,0.6298828125,1.3041038146985122,1.6980964422225953,20,,67,5,20,100,128,512,1024,0.001,0.0,0.25,,,,1,0,10,False,True,VR_User_Behavior_Dataset_(Spherical_Video_Streaming),,sweeps/3b5a5d7420/runs/motion_tdnn_e8edda780f_fold2/best.pth,runs/2026-09-02/14-53-37_sweep,8a33bae-dirty
2026-09-02T15:09:25,train,False,xrsec,users,motion_tdnn,,identity_softmax,diff_linear,full,3b5a5d7420,per_dataset,True,True,,,,,0.7039930555555556,0.7421875,0.6552734375,0.7525708233868634,0.3116319477558136,5,0.7907710510747387,0.6723090277777778,1.6590946148675723,1.1158124605814617,20,,67,5,20,100,128,512,1024,0.001,0.0,0.25,,,,1,0,9,False,True,VR_User_Behavior_Dataset_(Spherical_Video_Streaming),,sweeps/3b5a5d7420/runs/motion_tdnn_e8edda780f_fold3/best.pth,runs/2026-09-02/14-53-37_sweep,8a33bae-dirty
2026-09-02T15:10:27,train,False,xrsec,users,motion_tdnn,,identity_softmax,diff_linear,full,3b5a5d7420,per_dataset,True,True,,,,,0.6480034722222222,0.6638454861111112,0.7134765625,0.7108137342664931,0.3450520932674408,2,0.8105114383381541,0.6510416666666666,1.4496787376476532,1.5351443820529513,20,,67,5,20,100,128,512,1024,0.001,0.0,0.25,,,,1,0,9,False,True,VR_User_Behavior_Dataset_(Spherical_Video_Streaming),,sweeps/3b5a5d7420/runs/motion_tdnn_e8edda780f_fold4/best.pth,runs/2026-09-02/14-53-37_sweep,8a33bae-dirty
2026-09-02T15:10:52,train,False,xrsec,users,random,,identity_softmax,diff_linear,full,3b5a5d7420,per_dataset,True,False,,,,,0.4927734375,0.5126953125,0.5048828125,0.49049911499023435,0.5015624761581421,6,0.0,0.5,13.829945984633426,0.6932262897491455,20,,67,5,20,100,128,512,1024,0.001,0.0,0.25,,,,1,0,10,False,True,VR_User_Behavior_Dataset_(Spherical_Video_Streaming),,sweeps/3b5a5d7420/runs/random_b28539a006_fold0/best.pth,runs/2026-09-02/14-53-37_sweep,8a33bae-dirty
2026-09-02T15:11:18,train,False,xrsec,users,random,,identity_softmax,diff_linear,full,3b5a5d7420,per_dataset,True,False,,,,,0.4927734375,0.5126953125,0.5048828125,0.49049911499023435,0.5015624761581421,6,0.0,0.5,13.828444257191407,0.6932262897491455,20,,67,5,20,100,128,512,1024,0.001,0.0,0.25,,,,1,0,10,False,True,VR_User_Behavior_Dataset_(Spherical_Video_Streaming),,sweeps/3b5a5d7420/runs/random_b28539a006_fold1/best.pth,runs/2026-09-02/14-53-37_sweep,8a33bae-dirty
2026-09-02T15:11:44,train,False,xrsec,users,random,,identity_softmax,diff_linear,full,3b5a5d7420,per_dataset,True,False,,,,,0.4927734375,0.5126953125,0.5048828125,0.49049911499023435,0.5015624761581421,6,0.0,0.5,13.82902674165946,0.6932262897491455,20,,67,5,20,100,128,512,1024,0.001,0.0,0.25,,,,1,0,10,False,True,VR_User_Behavior_Dataset_(Spherical_Video_Streaming),,sweeps/3b5a5d7420/runs/random_b28539a006_fold2/best.pth,runs/2026-09-02/14-53-37_sweep,8a33bae-dirty
2026-09-02T15:12:10,train,False,xrsec,users,random,,identity_softmax,diff_linear,full,3b5a5d7420,per_dataset,True,False,,,,,0.4976128472222222,0.5112847222222222,0.509765625,0.5018917130835262,0.4995659589767456,19,0.0,0.4921875,13.860602565405049,0.6937689052687751,20,,67,5,20,100,128,512,1024,0.001,0.0,0.25,,,,1,0,9,False,True,VR_User_Behavior_Dataset_(Spherical_Video_Streaming),,sweeps/3b5a5d7420/runs/random_b28539a006_fold3/best.pth,runs/2026-09-02/14-53-37_sweep,8a33bae-dirty
2026-09-02T15:12:35,train,False,xrsec,users,random,,identity_softmax,diff_linear,full,3b5a5d7420,per_dataset,True,False,,,,,0.4976128472222222,0.5112847222222222,0.509765625,0.5018917130835262,0.4995659589767456,19,0.0,0.4921875,13.862117189813093,0.6937689052687751,20,,67,5,20,100,128,512,1024,0.001,0.0,0.25,,,,1,0,9,False,True,VR_User_Behavior_Dataset_(Spherical_Video_Streaming),,sweeps/3b5a5d7420/runs/random_b28539a006_fold4/best.pth,runs/2026-09-02/14-53-37_sweep,8a33bae-dirty
2026-09-02T15:13:01,train,False,xrsec,users,random,,identity_softmax,diff_linear,full,3b5a5d7420,per_dataset,True,True,,,,,0.5013671875,0.515234375,0.51640625,0.499853515625,0.5003906488418579,1,0.0,0.5,13.829945984633426,0.6931630611419678,20,,67,5,20,100,128,512,1024,0.001,0.0,0.25,,,,1,0,10,False,True,VR_User_Behavior_Dataset_(Spherical_Video_Streaming),,sweeps/3b5a5d7420/runs/random_2d6dfca645_fold0/best.pth,runs/2026-09-02/14-53-37_sweep,8a33bae-dirty
2026-09-02T15:13:28,train,False,xrsec,users,random,,identity_softmax,diff_linear,full,3b5a5d7420,per_dataset,True,True,,,,,0.5013671875,0.515234375,0.51640625,0.499853515625,0.5003906488418579,1,0.0,0.5,13.828444257191407,0.6931630611419678,20,,67,5,20,100,128,512,1024,0.001,0.0,0.25,,,,1,0,10,False,True,VR_User_Behavior_Dataset_(Spherical_Video_Streaming),,sweeps/3b5a5d7420/runs/random_2d6dfca645_fold1/best.pth,runs/2026-09-02/14-53-37_sweep,8a33bae-dirty
2026-09-02T15:13:54,train,False,xrsec,users,random,,identity_softmax,diff_linear,full,3b5a5d7420,per_dataset,True,True,,,,,0.5013671875,0.515234375,0.51640625,0.499853515625,0.5003906488418579,1,0.0,0.5,13.82902674165946,0.6931630611419678,20,,67,5,20,100,128,512,1024,0.001,0.0,0.25,,,,1,0,10,False,True,VR_User_Behavior_Dataset_(Spherical_Video_Streaming),,sweeps/3b5a5d7420/runs/random_2d6dfca645_fold2/best.pth,runs/2026-09-02/14-53-37_sweep,8a33bae-dirty
2026-09-02T15:14:20,train,False,xrsec,users,random,,identity_softmax,diff_linear,full,3b5a5d7420,per_dataset,True,True,,,,,0.4898003472222222,0.5162760416666666,0.5146484375,0.4956482310353974,0.5086805820465088,11,0.0,0.5106336805555556,13.860602565405049,0.6928584310743544,20,,67,5,20,100,128,512,1024,0.001,0.0,0.25,,,,1,0,9,False,True,VR_User_Behavior_Dataset_(Spherical_Video_Streaming),,sweeps/3b5a5d7420/runs/random_2d6dfca645_fold3/best.pth,runs/2026-09-02/14-53-37_sweep,8a33bae-dirty
2026-09-02T15:14:46,train,False,xrsec,users,random,,identity_softmax,diff_linear,full,3b5a5d7420,per_dataset,True,True,,,,,0.4898003472222222,0.5162760416666666,0.5146484375,0.4956482310353974,0.5086805820465088,11,0.0,0.5106336805555556,13.862117189813093,0.6928584310743544,20,,67,5,20,100,128,512,1024,0.001,0.0,0.25,,,,1,0,9,False,True,VR_User_Behavior_Dataset_(Spherical_Video_Streaming),,sweeps/3b5a5d7420/runs/random_2d6dfca645_fold4/best.pth,runs/2026-09-02/14-53-37_sweep,8a33bae-dirty
2026-09-02T15:28:05,train,False,xrsec,users,bilstm,,identity_softmax,diff_linear,full,1db4b4bd13,per_dataset,True,True,,,False,,0.678515625,0.70078125,0.6365234375,0.7350517272949219,0.3531250059604645,17,0.8018042553191489,0.666796875,1.8408801463837319,1.1605852603912354,20,,67,5,20,100,128,512,1024,0.001,0.0,0.25,,,,1,0,10,False,True,VR_User_Behavior_Dataset_(Spherical_Video_Streaming),,sweeps/1db4b4bd13/runs/bilstm_c07b65fe9e_fold0/best.pth,runs/2026-09-02/15-27-26_sweep,2e8957e-dirty
2026-09-02T15:28:42,train,False,xrsec,users,bilstm,,identity_softmax,diff_linear,full,1db4b4bd13,per_dataset,True,True,,,False,,0.6400390625,0.694921875,0.6853515625,0.678289794921875,0.37890625,8,0.7877591312931885,0.6314453125,1.9878223648753668,1.326116967201233,20,,67,5,20,100,128,512,1024,0.001,0.0,0.25,,,,1,0,10,False,True,VR_User_Behavior_Dataset_(Spherical_Video_Streaming),,sweeps/1db4b4bd13/runs/bilstm_c07b65fe9e_fold1/best.pth,runs/2026-09-02/15-27-26_sweep,2e8957e-dirty
2026-09-02T15:29:19,train,False,xrsec,users,bilstm,,identity_softmax,diff_linear,full,1db4b4bd13,per_dataset,True,True,,,False,,0.654296875,0.65859375,0.6970703125,0.71764404296875,0.36015623807907104,3,0.8271037581699346,0.6349609375,1.5826538557060923,1.453081440925598,20,,67,5,20,100,128,512,1024,0.001,0.0,0.25,,,,1,0,10,False,True,VR_User_Behavior_Dataset_(Spherical_Video_Streaming),,sweeps/1db4b4bd13/runs/bilstm_c07b65fe9e_fold2/best.pth,runs/2026-09-02/15-27-26_sweep,2e8957e-dirty
2026-09-02T15:29:55,train,False,xrsec,users,bilstm,,identity_softmax,diff_linear,full,1db4b4bd13,per_dataset,True,True,,,False,,0.7235243055555556,0.734375,0.6595703125,0.7766303545163001,0.2934027910232544,11,0.770623808584763,0.6970486111111112,2.149415489563628,0.9568989409340752,20,,67,5,20,100,128,512,1024,0.001,0.0,0.25,,,,1,0,9,False,True,VR_User_Behavior_Dataset_(Spherical_Video_Streaming),,sweeps/1db4b4bd13/runs/bilstm_c07b65fe9e_fold3/best.pth,runs/2026-09-02/15-27-26_sweep,2e8957e-dirty
2026-09-02T15:30:31,train,False,xrsec,users,bilstm,,identity_softmax,diff_linear,full,1db4b4bd13,per_dataset,True,True,,,False,,0.6493055555555556,0.6740451388888888,0.683203125,0.7110644681954089,0.3515625,5,0.7695897975282672,0.650390625,2.1789919217887315,1.3360873725679185,20,,67,5,20,100,128,512,1024,0.001,0.0,0.25,,,,1,0,9,False,True,VR_User_Behavior_Dataset_(Spherical_Video_Streaming),,sweeps/1db4b4bd13/runs/bilstm_c07b65fe9e_fold4/best.pth,runs/2026-09-02/15-27-26_sweep,2e8957e-dirty
2026-09-02T15:31:08,train,False,xrsec,users,bilstm,,identity_softmax,diff_linear,full,1db4b4bd13,per_dataset,True,True,,,True,,0.5494140625,0.550390625,0.5431640625,0.5695001983642578,0.44843751192092896,8,0.013923404255319148,0.533203125,12.636174710277801,0.6913161039352417,20,,67,5,20,100,128,512,1024,0.001,0.0,0.25,,,,1,0,10,False,True,VR_User_Behavior_Dataset_(Spherical_Video_Streaming),,sweeps/1db4b4bd13/runs/bilstm_eeaf046024_fold0/best.pth,runs/2026-09-02/15-27-26_sweep,2e8957e-dirty
2026-09-02T15:31:45,train,False,xrsec,users,bilstm,,identity_softmax,diff_linear,full,1db4b4bd13,per_dataset,True,True,,,True,,0.55,0.55,0.5416015625,0.5726104736328125,0.4488281309604645,3,0.017769002961500493,0.5259765625,12.62979399496083,0.6904391288757324,20,,67,5,20,100,128,512,1024,0.001,0.0,0.25,,,,1,0,10,False,True,VR_User_Behavior_Dataset_(Spherical_Video_Streaming),,sweeps/1db4b4bd13/runs/bilstm_eeaf046024_fold1/best.pth,runs/2026-09-02/15-27-26_sweep,2e8957e-dirty
2026-09-02T15:32:21,train,False,xrsec,users,bilstm,,identity_softmax,diff_linear,full,1db4b4bd13,per_dataset,True,True,,,True,,0.5166015625,0.55390625,0.53671875,0.5270034790039062,0.48320311307907104,2,0.007386982570806101,0.54609375,12.635936427479995,0.690938138961792,20,,67,5,20,100,128,512,1024,0.001,0.0,0.25,,,,1,0,10,False,True,VR_User_Behavior_Dataset_(Spherical_Video_Streaming),,sweeps/1db4b4bd13/runs/bilstm_eeaf046024_fold2/best.pth,runs/2026-09-02/15-27-26_sweep,2e8957e-dirty
2026-09-02T15:32:58,train,False,xrsec,users,bilstm,,identity_softmax,diff_linear,full,1db4b4bd13,per_dataset,True,True,,,True,,0.5401475694444444,0.5453559027777778,0.5486328125,0.5553961859809028,0.4605034589767456,11,0.015841714323276145,0.5262586805555556,12.645441630586697,0.6920681132210625,20,,67,5,20,100,128,512,1024,0.001,0.0,0.25,,,,1,0,9,False,True,VR_User_Behavior_Dataset_(Spherical_Video_Streaming),,sweeps/1db4b4bd13/runs/bilstm_eeaf046024_fold3/best.pth,runs/2026-09-02/15-27-26_sweep,2e8957e-dirty
2026-09-02T15:33:34,train,False,xrsec,users,bilstm,,identity_softmax,diff_linear,full,1db4b4bd13,per_dataset,True,True,,,True,,0.5199652777777778,0.5264756944444444,0.53828125,0.5404384283371914,0.4674479067325592,9,0.015514067841178017,0.5230034722222222,12.493884190427233,0.691215991973877,20,,67,5,20,100,128,512,1024,0.001,0.0,0.25,,,,1,0,9,False,True,VR_User_Behavior_Dataset_(Spherical_Video_Streaming),,sweeps/1db4b4bd13/runs/bilstm_eeaf046024_fold4/best.pth,runs/2026-09-02/15-27-26_sweep,2e8957e-dirty
2026-09-02T15:34:35,train,False,xrsec,users,motion_tdnn,,identity_softmax,diff_linear,full,1db4b4bd13,per_dataset,True,True,,,False,,0.7224609375,0.7224609375,0.65390625,0.7804822540283203,0.29765623807907104,4,0.8145702127659574,0.689453125,1.4318398800504968,1.285119104385376,20,,67,5,20,100,128,512,1024,0.001,0.0,0.25,,,,1,0,10,False,True,VR_User_Behavior_Dataset_(Spherical_Video_Streaming),,sweeps/1db4b4bd13/runs/motion_tdnn_9e2a9a9933_fold0/best.pth,runs/2026-09-02/15-27-26_sweep,2e8957e-dirty
2026-09-02T15:35:36,train,False,xrsec,users,motion_tdnn,,identity_softmax,diff_linear,full,1db4b4bd13,per_dataset,True,True,,,False,,0.6630859375,0.6630859375,0.689453125,0.6760528564453125,0.3687500059604645,4,0.808455594512714,0.633984375,1.4518876535993042,1.507511806488037,20,,67,5,20,100,128,512,1024,0.001,0.0,0.25,,,,1,0,10,False,True,VR_User_Behavior_Dataset_(Spherical_Video_Streaming),,sweeps/1db4b4bd13/runs/motion_tdnn_9e2a9a9933_fold1/best.pth,runs/2026-09-02/15-27-26_sweep,2e8957e-dirty
2026-09-02T15:36:36,train,False,xrsec,users,motion_tdnn,,identity_softmax,diff_linear,full,1db4b4bd13,per_dataset,True,True,,,False,,0.637890625,0.659375,0.7126953125,0.6971304321289062,0.38398438692092896,1,0.8255378540305011,0.6294921875,1.304784821009584,1.6851031064987183,20,,67,5,20,100,128,512,1024,0.001,0.0,0.25,,,,1,0,10,False,True,VR_User_Behavior_Dataset_(Spherical_Video_Streaming),,sweeps/1db4b4bd13/runs/motion_tdnn_9e2a9a9933_fold2/best.pth,runs/2026-09-02/15-27-26_sweep,2e8957e-dirty
2026-09-02T15:37:37,train,False,xrsec,users,motion_tdnn,,identity_softmax,diff_linear,full,1db4b4bd13,per_dataset,True,True,,,False,,0.7048611111111112,0.7419704861111112,0.655078125,0.7526043550467786,0.3129340410232544,5,0.7903437849207914,0.6714409722222222,1.653836058824324,1.118456244468689,20,,67,5,20,100,128,512,1024,0.001,0.0,0.25,,,,1,0,9,False,True,VR_User_Behavior_Dataset_(Spherical_Video_Streaming),,sweeps/1db4b4bd13/runs/motion_tdnn_9e2a9a9933_fold3/best.pth,runs/2026-09-02/15-27-26_sweep,2e8957e-dirty
2026-09-02T15:38:38,train,False,xrsec,users,motion_tdnn,,identity_softmax,diff_linear,full,1db4b4bd13,per_dataset,True,True,,,False,,0.6484375,0.6634114583333334,0.7134765625,0.7105500021098573,0.3454861044883728,2,0.8103799631869577,0.6482204861111112,1.4512178881871145,1.567796481980218,20,,67,5,20,100,128,512,1024,0.001,0.0,0.25,,,,1,0,9,False,True,VR_User_Behavior_Dataset_(Spherical_Video_Streaming),,sweeps/1db4b4bd13/runs/motion_tdnn_9e2a9a9933_fold4/best.pth,runs/2026-09-02/15-27-26_sweep,2e8957e-dirty
2026-09-02T15:39:39,train,False,xrsec,users,motion_tdnn,,identity_softmax,diff_linear,full,1db4b4bd13,per_dataset,True,True,,,True,,0.570703125,0.570703125,0.5359375,0.5963137817382812,0.4300781190395355,3,0.0502468085106383,0.5427734375,11.224689596817342,0.6942058324813842,20,,67,5,20,100,128,512,1024,0.001,0.0,0.25,,,,1,0,10,False,True,VR_User_Behavior_Dataset_(Spherical_Video_Streaming),,sweeps/1db4b4bd13/runs/motion_tdnn_0fe7e97bed_fold0/best.pth,runs/2026-09-02/15-27-26_sweep,2e8957e-dirty
2026-09-02T15:40:40,train,False,xrsec,users,motion_tdnn,,identity_softmax,diff_linear,full,1db4b4bd13,per_dataset,True,True,,,True,,0.555859375,0.566796875,0.556640625,0.5876236724853515,0.4410156309604645,1,0.048473295435204414,0.526953125,11.179289920361619,0.6904539942741394,20,,67,5,20,100,128,512,1024,0.001,0.0,0.25,,,,1,0,10,False,True,VR_User_Behavior_Dataset_(Spherical_Video_Streaming),,sweeps/1db4b4bd13/runs/motion_tdnn_0fe7e97bed_fold1/best.pth,runs/2026-09-02/15-27-26_sweep,2e8957e-dirty
2026-09-02T15:41:40,train,False,xrsec,users,motion_tdnn,,identity_softmax,diff_linear,full,1db4b4bd13,per_dataset,True,True,,,True,,0.530078125,0.537890625,0.5470703125,0.5448257446289062,0.4703125059604645,4,0.04554738562091503,0.5267578125,11.217825868810184,0.694808840751648,20,,67,5,20,100,128,512,1024,0.001,0.0,0.25,,,,1,0,10,False,True,VR_User_Behavior_Dataset_(Spherical_Video_Streaming),,sweeps/1db4b4bd13/runs/motion_tdnn_0fe7e97bed_fold2/best.pth,runs/2026-09-02/15-27-26_sweep,2e8957e-dirty
2026-09-02T15:42:41,train,False,xrsec,users,motion_tdnn,,identity_softmax,diff_linear,full,1db4b4bd13,per_dataset,True,True,,,True,,0.529296875,0.5301649305555556,0.5390625,0.5454029978057484,0.4670138955116272,2,0.06379412344705186,0.5262586805555556,10.91109467963217,0.6921959453158908,20,,67,5,20,100,128,512,1024,0.001,0.0,0.25,,,,1,0,9,False,True,VR_User_Behavior_Dataset_(Spherical_Video_Streaming),,sweeps/1db4b4bd13/runs/motion_tdnn_0fe7e97bed_fold3/best.pth,runs/2026-09-02/15-27-26_sweep,2e8957e-dirty
2026-09-02T15:43:42,train,False,xrsec,users,motion_tdnn,,identity_softmax,diff_linear,full,1db4b4bd13,per_dataset,True,True,,,True,,0.5167100694444444,0.53125,0.537890625,0.5284044242199556,0.4874131977558136,2,0.06044570076255588,0.5203993055555556,10.957320451548373,0.694280379348331,20,,67,5,20,100,128,512,1024,0.001,0.0,0.25,,,,1,0,9,False,True,VR_User_Behavior_Dataset_(Spherical_Video_Streaming),,sweeps/1db4b4bd13/runs/motion_tdnn_0fe7e97bed_fold4/best.pth,runs/2026-09-02/15-27-26_sweep,2e8957e-dirty
2026-09-02T15:44:07,train,False,xrsec,users,random,,identity_softmax,diff_linear,full,1db4b4bd13,per_dataset,True,True,,,False,,0.5013671875,0.515234375,0.51640625,0.499853515625,0.5003906488418579,1,0.0,0.5,13.829945984633426,0.6931630611419678,20,,67,5,20,100,128,512,1024,0.001,0.0,0.25,,,,1,0,10,False,True,VR_User_Behavior_Dataset_(Spherical_Video_Streaming),,sweeps/1db4b4bd13/runs/random_508d3e4ce7_fold0/best.pth,runs/2026-09-02/15-27-26_sweep,2e8957e-dirty
2026-09-02T15:44:32,train,False,xrsec,users,random,,identity_softmax,diff_linear,full,1db4b4bd13,per_dataset,True,True,,,False,,0.5013671875,0.515234375,0.51640625,0.499853515625,0.5003906488418579,1,0.0,0.5,13.828444257191407,0.6931630611419678,20,,67,5,20,100,128,512,1024,0.001,0.0,0.25,,,,1,0,10,False,True,VR_User_Behavior_Dataset_(Spherical_Video_Streaming),,sweeps/1db4b4bd13/runs/random_508d3e4ce7_fold1/best.pth,runs/2026-09-02/15-27-26_sweep,2e8957e-dirty
2026-09-02T15:44:57,train,False,xrsec,users,random,,identity_softmax,diff_linear,full,1db4b4bd13,per_dataset,True,True,,,False,,0.5013671875,0.515234375,0.51640625,0.499853515625,0.5003906488418579,1,0.0,0.5,13.82902674165946,0.6931630611419678,20,,67,5,20,100,128,512,1024,0.001,0.0,0.25,,,,1,0,10,False,True,VR_User_Behavior_Dataset_(Spherical_Video_Streaming),,sweeps/1db4b4bd13/runs/random_508d3e4ce7_fold2/best.pth,runs/2026-09-02/15-27-26_sweep,2e8957e-dirty
2026-09-02T15:45:22,train,False,xrsec,users,random,,identity_softmax,diff_linear,full,1db4b4bd13,per_dataset,True,True,,,False,,0.4898003472222222,0.5162760416666666,0.5146484375,0.4956482310353974,0.5086805820465088,11,0.0,0.5106336805555556,13.860602565405049,0.6928584310743544,20,,67,5,20,100,128,512,1024,0.001,0.0,0.25,,,,1,0,9,False,True,VR_User_Behavior_Dataset_(Spherical_Video_Streaming),,sweeps/1db4b4bd13/runs/random_508d3e4ce7_fold3/best.pth,runs/2026-09-02/15-27-26_sweep,2e8957e-dirty
2026-09-02T15:45:46,train,False,xrsec,users,random,,identity_softmax,diff_linear,full,1db4b4bd13,per_dataset,True,True,,,False,,0.4898003472222222,0.5162760416666666,0.5146484375,0.4956482310353974,0.5086805820465088,11,0.0,0.5106336805555556,13.862117189813093,0.6928584310743544,20,,67,5,20,100,128,512,1024,0.001,0.0,0.25,,,,1,0,9,False,True,VR_User_Behavior_Dataset_(Spherical_Video_Streaming),,sweeps/1db4b4bd13/runs/random_508d3e4ce7_fold4/best.pth,runs/2026-09-02/15-27-26_sweep,2e8957e-dirty
2026-09-02T15:46:11,train,False,xrsec,users,random,,identity_softmax,diff_linear,full,1db4b4bd13,per_dataset,True,True,,,True,,0.5013671875,0.515234375,0.51640625,0.499853515625,0.5003906488418579,1,0.0,0.5,13.829945984633426,0.6931630611419678,20,,67,5,20,100,128,512,1024,0.001,0.0,0.25,,,,1,0,10,False,True,VR_User_Behavior_Dataset_(Spherical_Video_Streaming),,sweeps/1db4b4bd13/runs/random_8c41f9f541_fold0/best.pth,runs/2026-09-02/15-27-26_sweep,2e8957e-dirty
2026-09-02T15:46:37,train,False,xrsec,users,random,,identity_softmax,diff_linear,full,1db4b4bd13,per_dataset,True,True,,,True,,0.5013671875,0.515234375,0.51640625,0.499853515625,0.5003906488418579,1,0.0,0.5,13.828444257191407,0.6931630611419678,20,,67,5,20,100,128,512,1024,0.001,0.0,0.25,,,,1,0,10,False,True,VR_User_Behavior_Dataset_(Spherical_Video_Streaming),,sweeps/1db4b4bd13/runs/random_8c41f9f541_fold1/best.pth,runs/2026-09-02/15-27-26_sweep,2e8957e-dirty
2026-09-02T15:47:02,train,False,xrsec,users,random,,identity_softmax,diff_linear,full,1db4b4bd13,per_dataset,True,True,,,True,,0.5013671875,0.515234375,0.51640625,0.499853515625,0.5003906488418579,1,0.0,0.5,13.82902674165946,0.6931630611419678,20,,67,5,20,100,128,512,1024,0.001,0.0,0.25,,,,1,0,10,False,True,VR_User_Behavior_Dataset_(Spherical_Video_Streaming),,sweeps/1db4b4bd13/runs/random_8c41f9f541_fold2/best.pth,runs/2026-09-02/15-27-26_sweep,2e8957e-dirty
2026-09-02T15:47:26,train,False,xrsec,users,random,,identity_softmax,diff_linear,full,1db4b4bd13,per_dataset,True,True,,,True,,0.4898003472222222,0.5162760416666666,0.5146484375,0.4956482310353974,0.5086805820465088,11,0.0,0.5106336805555556,13.860602565405049,0.6928584310743544,20,,67,5,20,100,128,512,1024,0.001,0.0,0.25,,,,1,0,9,False,True,VR_User_Behavior_Dataset_(Spherical_Video_Streaming),,sweeps/1db4b4bd13/runs/random_8c41f9f541_fold3/best.pth,runs/2026-09-02/15-27-26_sweep,2e8957e-dirty
2026-09-02T15:47:51,train,False,xrsec,users,random,,identity_softmax,diff_linear,full,1db4b4bd13,per_dataset,True,True,,,True,,0.4898003472222222,0.5162760416666666,0.5146484375,0.4956482310353974,0.5086805820465088,11,0.0,0.5106336805555556,13.862117189813093,0.6928584310743544,20,,67,5,20,100,128,512,1024,0.001,0.0,0.25,,,,1,0,9,False,True,VR_User_Behavior_Dataset_(Spherical_Video_Streaming),,sweeps/1db4b4bd13/runs/random_8c41f9f541_fold4/best.pth,runs/2026-09-02/15-27-26_sweep,2e8957e-dirty
2026-09-02T15:53:25,train,False,xrsec,multi7,bilstm,,identity_softmax,diff_linear,full,d6cb92c8a9,per_dataset,True,True,,,False,,0.6923363095238095,0.6923363095238095,0.6778918850806451,0.7442919076855641,0.3124379813671112,3,0.4149620400030267,0.6746961805555556,6.961292470788693,0.635963429534246,20,,67,5,20,100,128,512,1024,0.001,0.0,0.25,,,,7,0,68,False,True,VR_User_Behavior_Dataset_(Spherical_Video_Streaming)|Head_and_Gaze_Behavior_Dataset|360-degree_Saliency_Dataset_(PanoSaliency)|Panonut360_Dataset|EyeNavGS_6-DoF_Navigation_Dataset|ViewGauss_Head-Movement_Dataset|NJIT_6DOF_VR_Navigation_Dataset,,sweeps/d6cb92c8a9/runs/bilstm_c07b65fe9e_fold0/best.pth,runs/2026-09-02/15-50-33_sweep,de3a618-dirty
2026-09-02T15:56:12,train,False,xrsec,multi7,bilstm,,identity_softmax,diff_linear,full,d6cb92c8a9,per_dataset,True,True,,,False,,0.6600617439516129,0.6674962197580645,0.6849168346774194,0.7201909056315189,0.33713456988334656,3,0.407726291480496,0.6580456149193549,7.059739774522715,0.667244347833818,20,,67,5,20,100,128,512,1024,0.001,0.0,0.25,,,,7,0,68,False,True,VR_User_Behavior_Dataset_(Spherical_Video_Streaming)|Head_and_Gaze_Behavior_Dataset|360-degree_Saliency_Dataset_(PanoSaliency)|Panonut360_Dataset|EyeNavGS_6-DoF_Navigation_Dataset|ViewGauss_Head-Movement_Dataset|NJIT_6DOF_VR_Navigation_Dataset,,sweeps/d6cb92c8a9/runs/bilstm_c07b65fe9e_fold1/best.pth,runs/2026-09-02/15-50-33_sweep,de3a618-dirty
2026-09-02T15:58:54,train,False,xrsec,multi7,bilstm,,identity_softmax,diff_linear,full,d6cb92c8a9,per_dataset,True,True,,,False,,0.6819928278688525,0.6828893442622951,0.68212890625,0.7430714230741169,0.31794312596321106,3,0.42562137685666657,0.6723872950819673,6.904871297114564,0.6267926868845205,20,,67,5,20,100,128,512,1024,0.001,0.0,0.25,,,,7,0,68,False,True,VR_User_Behavior_Dataset_(Spherical_Video_Streaming)|Head_and_Gaze_Behavior_Dataset|360-degree_Saliency_Dataset_(PanoSaliency)|Panonut360_Dataset|EyeNavGS_6-DoF_Navigation_Dataset|ViewGauss_Head-Movement_Dataset|NJIT_6DOF_VR_Navigation_Dataset,,sweeps/d6cb92c8a9/runs/bilstm_c07b65fe9e_fold2/best.pth,runs/2026-09-02/15-50-33_sweep,de3a618-dirty
2026-09-02T16:01:41,train,False,xrsec,multi7,bilstm,,identity_softmax,diff_linear,full,d6cb92c8a9,per_dataset,True,True,,,False,,0.6597467237903226,0.6597467237903226,0.6890120967741935,0.7087004618887847,0.34242692589759827,2,0.4363485976389202,0.639616935483871,6.714887091052004,0.7020022792200888,20,,67,5,20,100,128,512,1024,0.001,0.0,0.25,,,,7,0,70,False,True,VR_User_Behavior_Dataset_(Spherical_Video_Streaming)|Head_and_Gaze_Behavior_Dataset|360-degree_Saliency_Dataset_(PanoSaliency)|Panonut360_Dataset|EyeNavGS_6-DoF_Navigation_Dataset|ViewGauss_Head-Movement_Dataset|NJIT_6DOF_VR_Navigation_Dataset,,sweeps/d6cb92c8a9/runs/bilstm_c07b65fe9e_fold3/best.pth,runs/2026-09-02/15-50-33_sweep,de3a618-dirty
2026-09-02T16:04:30,train,False,xrsec,multi7,bilstm,,identity_softmax,diff_linear,full,d6cb92c8a9,per_dataset,True,True,,,False,,0.666717529296875,0.67095947265625,0.6850986168032787,0.7157750762999058,0.332305908203125,5,0.4163136798715339,0.6568603515625,6.956671973764132,0.6671765092760324,20,,67,5,20,100,128,512,1024,0.001,0.0,0.25,,,,7,0,69,False,True,VR_User_Behavior_Dataset_(Spherical_Video_Streaming)|Head_and_Gaze_Behavior_Dataset|360-degree_Saliency_Dataset_(PanoSaliency)|Panonut360_Dataset|EyeNavGS_6-DoF_Navigation_Dataset|ViewGauss_Head-Movement_Dataset|NJIT_6DOF_VR_Navigation_Dataset,,sweeps/d6cb92c8a9/runs/bilstm_c07b65fe9e_fold4/best.pth,runs/2026-09-02/15-50-33_sweep,de3a618-dirty
2026-09-02T16:07:15,train,False,xrsec,multi7,bilstm,,identity_softmax,diff_linear,full,d6cb92c8a9,per_dataset,True,True,,,True,,0.5768229166666666,0.5768229166666666,0.5564831149193549,0.6118412743470145,0.4203869104385376,5,0.013948091911115595,0.5439298115079365,12.733352832831233,0.6831379324670822,20,,67,5,20,100,128,512,1024,0.001,0.0,0.25,,,,7,0,68,False,True,VR_User_Behavior_Dataset_(Spherical_Video_Streaming)|Head_and_Gaze_Behavior_Dataset|360-degree_Saliency_Dataset_(PanoSaliency)|Panonut360_Dataset|EyeNavGS_6-DoF_Navigation_Dataset|ViewGauss_Head-Movement_Dataset|NJIT_6DOF_VR_Navigation_Dataset,,sweeps/d6cb92c8a9/runs/bilstm_eeaf046024_fold0/best.pth,runs/2026-09-02/15-50-33_sweep,de3a618-dirty
2026-09-02T16:09:59,train,False,xrsec,multi7,bilstm,,identity_softmax,diff_linear,full,d6cb92c8a9,per_dataset,True,True,,,True,,0.5691784274193549,0.5694619455645161,0.5615234375,0.5922455842239428,0.4311996102333069,3,0.007668557658516994,0.5393145161290323,12.806165858931891,0.6891287642140542,20,,67,5,20,100,128,512,1024,0.001,0.0,0.25,,,,7,0,68,False,True,VR_User_Behavior_Dataset_(Spherical_Video_Streaming)|Head_and_Gaze_Behavior_Dataset|360-degree_Saliency_Dataset_(PanoSaliency)|Panonut360_Dataset|EyeNavGS_6-DoF_Navigation_Dataset|ViewGauss_Head-Movement_Dataset|NJIT_6DOF_VR_Navigation_Dataset,,sweeps/d6cb92c8a9/runs/bilstm_eeaf046024_fold1/best.pth,runs/2026-09-02/15-50-33_sweep,de3a618-dirty
2026-09-02T16:12:40,train,False,xrsec,multi7,bilstm,,identity_softmax,diff_linear,full,d6cb92c8a9,per_dataset,True,True,,,True,,0.5781890368852459,0.5802702356557377,0.559051513671875,0.6018090805549898,0.4225153625011444,3,0.013994974249247382,0.5439613217213115,12.712436928840553,0.6875038674620332,20,,67,5,20,100,128,512,1024,0.001,0.0,0.25,,,,7,0,68,False,True,VR_User_Behavior_Dataset_(Spherical_Video_Streaming)|Head_and_Gaze_Behavior_Dataset|360-degree_Saliency_Dataset_(PanoSaliency)|Panonut360_Dataset|EyeNavGS_6-DoF_Navigation_Dataset|ViewGauss_Head-Movement_Dataset|NJIT_6DOF_VR_Navigation_Dataset,,sweeps/d6cb92c8a9/runs/bilstm_eeaf046024_fold2/best.pth,runs/2026-09-02/15-50-33_sweep,de3a618-dirty
2026-09-02T16:15:26,train,False,xrsec,multi7,bilstm,,identity_softmax,diff_linear,full,d6cb92c8a9,per_dataset,True,True,,,True,,0.5709740423387096,0.572234122983871,0.5736517137096774,0.5935096105601363,0.427734375,6,0.014374514374514374,0.5417716733870968,12.69640903399756,0.6852121814604728,20,,67,5,20,100,128,512,1024,0.001,0.0,0.25,,,,7,0,70,False,True,VR_User_Behavior_Dataset_(Spherical_Video_Streaming)|Head_and_Gaze_Behavior_Dataset|360-degree_Saliency_Dataset_(PanoSaliency)|Panonut360_Dataset|EyeNavGS_6-DoF_Navigation_Dataset|ViewGauss_Head-Movement_Dataset|NJIT_6DOF_VR_Navigation_Dataset,,sweeps/d6cb92c8a9/runs/bilstm_eeaf046024_fold3/best.pth,runs/2026-09-02/15-50-33_sweep,de3a618-dirty
2026-09-02T16:18:16,train,False,xrsec,multi7,bilstm,,identity_softmax,diff_linear,full,d6cb92c8a9,per_dataset,True,True,,,True,,0.5875244140625,0.5875244140625,0.5726498463114754,0.6150733307003975,0.41241455078125,5,0.009306207088396324,0.546966552734375,12.758185574795167,0.6850463170558214,20,,67,5,20,100,128,512,1024,0.001,0.0,0.25,,,,7,0,69,False,True,VR_User_Behavior_Dataset_(Spherical_Video_Streaming)|Head_and_Gaze_Behavior_Dataset|360-degree_Saliency_Dataset_(PanoSaliency)|Panonut360_Dataset|EyeNavGS_6-DoF_Navigation_Dataset|ViewGauss_Head-Movement_Dataset|NJIT_6DOF_VR_Navigation_Dataset,,sweeps/d6cb92c8a9/runs/bilstm_eeaf046024_fold4/best.pth,runs/2026-09-02/15-50-33_sweep,de3a618-dirty
2026-09-02T16:20:33,train,False,xrsec,multi7,random,,identity_softmax,diff_linear,full,d6cb92c8a9,per_dataset,True,True,,,False,,0.5021701388888888,0.5021701388888888,0.5014175907258065,0.4994929864623439,0.5009920597076416,15,0.0,0.5,15.419303686840644,0.6933667111018348,20,,67,5,20,100,128,512,1024,0.001,0.0,0.25,,,,7,0,68,False,True,VR_User_Behavior_Dataset_(Spherical_Video_Streaming)|Head_and_Gaze_Behavior_Dataset|360-degree_Saliency_Dataset_(PanoSaliency)|Panonut360_Dataset|EyeNavGS_6-DoF_Navigation_Dataset|ViewGauss_Head-Movement_Dataset|NJIT_6DOF_VR_Navigation_Dataset,,sweeps/d6cb92c8a9/runs/random_508d3e4ce7_fold0/best.pth,runs/2026-09-02/15-50-33_sweep,de3a618-dirty
2026-09-02T16:22:49,train,False,xrsec,multi7,random,,identity_softmax,diff_linear,full,d6cb92c8a9,per_dataset,True,True,,,False,,0.4949281754032258,0.5057018649193549,0.5057963709677419,0.4952350183778697,0.5042212605476379,8,0.0,0.5007245463709677,15.429772571205788,0.693120377679025,20,,67,5,20,100,128,512,1024,0.001,0.0,0.25,,,,7,0,68,False,True,VR_User_Behavior_Dataset_(Spherical_Video_Streaming)|Head_and_Gaze_Behavior_Dataset|360-degree_Saliency_Dataset_(PanoSaliency)|Panonut360_Dataset|EyeNavGS_6-DoF_Navigation_Dataset|ViewGauss_Head-Movement_Dataset|NJIT_6DOF_VR_Navigation_Dataset,,sweeps/d6cb92c8a9/runs/random_508d3e4ce7_fold1/best.pth,runs/2026-09-02/15-50-33_sweep,de3a618-dirty
2026-09-02T16:25:02,train,False,xrsec,multi7,random,,identity_softmax,diff_linear,full,d6cb92c8a9,per_dataset,True,True,,,False,,0.5008004610655737,0.5041303790983607,0.50286865234375,0.5014318636879105,0.5003201961517334,1,0.0,0.5,15.426401305654828,0.6933236298013906,20,,67,5,20,100,128,512,1024,0.001,0.0,0.25,,,,7,0,68,False,True,VR_User_Behavior_Dataset_(Spherical_Video_Streaming)|Head_and_Gaze_Behavior_Dataset|360-degree_Saliency_Dataset_(PanoSaliency)|Panonut360_Dataset|EyeNavGS_6-DoF_Navigation_Dataset|ViewGauss_Head-Movement_Dataset|NJIT_6DOF_VR_Navigation_Dataset,,sweeps/d6cb92c8a9/runs/random_508d3e4ce7_fold2/best.pth,runs/2026-09-02/15-50-33_sweep,de3a618-dirty
2026-09-02T16:27:18,train,False,xrsec,multi7,random,,identity_softmax,diff_linear,full,d6cb92c8a9,per_dataset,True,True,,,False,,0.4992124495967742,0.5016066028225806,0.5018271169354839,0.500639791419181,0.5002520084381104,2,0.0,0.5,15.429891342990908,0.693577435708815,20,,67,5,20,100,128,512,1024,0.001,0.0,0.25,,,,7,0,70,False,True,VR_User_Behavior_Dataset_(Spherical_Video_Streaming)|Head_and_Gaze_Behavior_Dataset|360-degree_Saliency_Dataset_(PanoSaliency)|Panonut360_Dataset|EyeNavGS_6-DoF_Navigation_Dataset|ViewGauss_Head-Movement_Dataset|NJIT_6DOF_VR_Navigation_Dataset,,sweeps/d6cb92c8a9/runs/random_508d3e4ce7_fold3/best.pth,runs/2026-09-02/15-50-33_sweep,de3a618-dirty
2026-09-02T16:29:37,train,False,xrsec,multi7,random,,identity_softmax,diff_linear,full,d6cb92c8a9,per_dataset,True,True,,,False,,0.49847412109375,0.5052490234375,0.5037141393442623,0.49951325356960297,0.50054931640625,16,0.0,0.49664306640625,15.41966962391679,0.693173510953784,20,,67,5,20,100,128,512,1024,0.001,0.0,0.25,,,,7,0,69,False,True,VR_User_Behavior_Dataset_(Spherical_Video_Streaming)|Head_and_Gaze_Behavior_Dataset|360-degree_Saliency_Dataset_(PanoSaliency)|Panonut360_Dataset|EyeNavGS_6-DoF_Navigation_Dataset|ViewGauss_Head-Movement_Dataset|NJIT_6DOF_VR_Navigation_Dataset,,sweeps/d6cb92c8a9/runs/random_508d3e4ce7_fold4/best.pth,runs/2026-09-02/15-50-33_sweep,de3a618-dirty
2026-09-02T16:31:54,train,False,xrsec,multi7,random,,identity_softmax,diff_linear,full,d6cb92c8a9,per_dataset,True,True,,,True,,0.5021701388888888,0.5021701388888888,0.5014175907258065,0.4994929864623439,0.5009920597076416,15,0.0,0.5,15.419303686840644,0.6933667111018348,20,,67,5,20,100,128,512,1024,0.001,0.0,0.25,,,,7,0,68,False,True,VR_User_Behavior_Dataset_(Spherical_Video_Streaming)|Head_and_Gaze_Behavior_Dataset|360-degree_Saliency_Dataset_(PanoSaliency)|Panonut360_Dataset|EyeNavGS_6-DoF_Navigation_Dataset|ViewGauss_Head-Movement_Dataset|NJIT_6DOF_VR_Navigation_Dataset,,sweeps/d6cb92c8a9/runs/random_8c41f9f541_fold0/best.pth,runs/2026-09-02/15-50-33_sweep,de3a618-dirty
2026-09-02T16:34:10,train,False,xrsec,multi7,random,,identity_softmax,diff_linear,full,d6cb92c8a9,per_dataset,True,True,,,True,,0.4949281754032258,0.5057018649193549,0.5057963709677419,0.4952350183778697,0.5042212605476379,8,0.0,0.5007245463709677,15.429772571205788,0.693120377679025,20,,67,5,20,100,128,512,1024,0.001,0.0,0.25,,,,7,0,68,False,True,VR_User_Behavior_Dataset_(Spherical_Video_Streaming)|Head_and_Gaze_Behavior_Dataset|360-degree_Saliency_Dataset_(PanoSaliency)|Panonut360_Dataset|EyeNavGS_6-DoF_Navigation_Dataset|ViewGauss_Head-Movement_Dataset|NJIT_6DOF_VR_Navigation_Dataset,,sweeps/d6cb92c8a9/runs/random_8c41f9f541_fold1/best.pth,runs/2026-09-02/15-50-33_sweep,de3a618-dirty
2026-09-02T16:36:24,train,False,xrsec,multi7,random,,identity_softmax,diff_linear,full,d6cb92c8a9,per_dataset,True,True,,,True,,0.5008004610655737,0.5041303790983607,0.50286865234375,0.5014318636879105,0.5003201961517334,1,0.0,0.5,15.426401305654828,0.6933236298013906,20,,67,5,20,100,128,512,1024,0.001,0.0,0.25,,,,7,0,68,False,True,VR_User_Behavior_Dataset_(Spherical_Video_Streaming)|Head_and_Gaze_Behavior_Dataset|360-degree_Saliency_Dataset_(PanoSaliency)|Panonut360_Dataset|EyeNavGS_6-DoF_Navigation_Dataset|ViewGauss_Head-Movement_Dataset|NJIT_6DOF_VR_Navigation_Dataset,,sweeps/d6cb92c8a9/runs/random_8c41f9f541_fold2/best.pth,runs/2026-09-02/15-50-33_sweep,de3a618-dirty
2026-09-02T16:38:40,train,False,xrsec,multi7,random,,identity_softmax,diff_linear,full,d6cb92c8a9,per_dataset,True,True,,,True,,0.4992124495967742,0.5016066028225806,0.5018271169354839,0.500639791419181,0.5002520084381104,2,0.0,0.5,15.429891342990908,0.693577435708815,20,,67,5,20,100,128,512,1024,0.001,0.0,0.25,,,,7,0,70,False,True,VR_User_Behavior_Dataset_(Spherical_Video_Streaming)|Head_and_Gaze_Behavior_Dataset|360-degree_Saliency_Dataset_(PanoSaliency)|Panonut360_Dataset|EyeNavGS_6-DoF_Navigation_Dataset|ViewGauss_Head-Movement_Dataset|NJIT_6DOF_VR_Navigation_Dataset,,sweeps/d6cb92c8a9/runs/random_8c41f9f541_fold3/best.pth,runs/2026-09-02/15-50-33_sweep,de3a618-dirty
2026-09-02T16:40:59,train,False,xrsec,multi7,random,,identity_softmax,diff_linear,full,d6cb92c8a9,per_dataset,True,True,,,True,,0.49847412109375,0.5052490234375,0.5037141393442623,0.49951325356960297,0.50054931640625,16,0.0,0.49664306640625,15.41966962391679,0.693173510953784,20,,67,5,20,100,128,512,1024,0.001,0.0,0.25,,,,7,0,69,False,True,VR_User_Behavior_Dataset_(Spherical_Video_Streaming)|Head_and_Gaze_Behavior_Dataset|360-degree_Saliency_Dataset_(PanoSaliency)|Panonut360_Dataset|EyeNavGS_6-DoF_Navigation_Dataset|ViewGauss_Head-Movement_Dataset|NJIT_6DOF_VR_Navigation_Dataset,,sweeps/d6cb92c8a9/runs/random_8c41f9f541_fold4/best.pth,runs/2026-09-02/15-50-33_sweep,de3a618-dirty
2026-09-02T18:47:44,train,False,xrsec,multi7,bilstm,,identity_softmax,diff_linear,full,d6cb92c8a9,per_dataset,True,True,,,False,48,0.7014508928571429,0.7039620535714286,0.702734375,0.6060263893821023,0.44258996844291687,2,0.5990867579908675,0.7003348214285714,4.659183638305122,0.6513628619057792,20,,67,5,20,100,128,512,1024,0.001,0.0,0.25,,,,7,0,9,False,True,VR_User_Behavior_Dataset_(Spherical_Video_Streaming)|Head_and_Gaze_Behavior_Dataset|360-degree_Saliency_Dataset_(PanoSaliency)|Panonut360_Dataset|EyeNavGS_6-DoF_Navigation_Dataset|ViewGauss_Head-Movement_Dataset|NJIT_6DOF_VR_Navigation_Dataset,,sweeps_max48/d6cb92c8a9/runs/bilstm_c07b65fe9e_fold0/best.pth,runs/2026-09-02/18-47-16_sweep,9327811-dirty
2026-09-02T18:48:11,train,False,xrsec,multi7,bilstm,,identity_softmax,diff_linear,full,d6cb92c8a9,per_dataset,True,True,,,False,48,0.67041015625,0.6728515625,0.7836538461538461,0.6706124045632103,0.3562144786119461,11,0.5387297633872976,0.642333984375,5.318467405318422,0.6575667560100555,20,,67,5,20,100,128,512,1024,0.001,0.0,0.25,,,,7,0,9,False,True,VR_User_Behavior_Dataset_(Spherical_Video_Streaming)|Head_and_Gaze_Behavior_Dataset|360-degree_Saliency_Dataset_(PanoSaliency)|Panonut360_Dataset|EyeNavGS_6-DoF_Navigation_Dataset|ViewGauss_Head-Movement_Dataset|NJIT_6DOF_VR_Navigation_Dataset,,sweeps_max48/d6cb92c8a9/runs/bilstm_c07b65fe9e_fold1/best.pth,runs/2026-09-02/18-47-16_sweep,9327811-dirty
2026-09-02T18:48:39,train,False,xrsec,multi7,bilstm,,identity_softmax,diff_linear,full,d6cb92c8a9,per_dataset,True,True,,,False,48,0.6082899305555556,0.6082899305555556,0.699951171875,0.5551266140407987,0.4615885317325592,3,0.6588404901657914,0.5516493055555556,3.6461233577869687,1.0540081395043268,20,,67,5,20,100,128,512,1024,0.001,0.0,0.25,,,,7,0,10,False,True,VR_User_Behavior_Dataset_(Spherical_Video_Streaming)|Head_and_Gaze_Behavior_Dataset|360-degree_Saliency_Dataset_(PanoSaliency)|Panonut360_Dataset|EyeNavGS_6-DoF_Navigation_Dataset|ViewGauss_Head-Movement_Dataset|NJIT_6DOF_VR_Navigation_Dataset,,sweeps_max48/d6cb92c8a9/runs/bilstm_c07b65fe9e_fold2/best.pth,runs/2026-09-02/18-47-16_sweep,9327811-dirty
2026-09-02T18:49:07,train,False,xrsec,multi7,bilstm,,identity_softmax,diff_linear,full,d6cb92c8a9,per_dataset,True,True,,,False,48,0.6574928977272727,0.7061434659090909,0.7731370192307693,0.6807561601911273,0.3984375,15,0.6117239205798929,0.6567826704545454,4.240007191223311,0.679259869185361,20,,67,5,20,100,128,512,1024,0.001,0.0,0.25,,,,7,0,11,False,True,VR_User_Behavior_Dataset_(Spherical_Video_Streaming)|Head_and_Gaze_Behavior_Dataset|360-degree_Saliency_Dataset_(PanoSaliency)|Panonut360_Dataset|EyeNavGS_6-DoF_Navigation_Dataset|ViewGauss_Head-Movement_Dataset|NJIT_6DOF_VR_Navigation_Dataset,,sweeps_max48/d6cb92c8a9/runs/bilstm_c07b65fe9e_fold3/best.pth,runs/2026-09-02/18-47-16_sweep,9327811-dirty
2026-09-02T18:49:34,train,False,xrsec,multi7,bilstm,,identity_softmax,diff_linear,full,d6cb92c8a9,per_dataset,True,True,,,False,48,0.6935763888888888,0.6935763888888888,0.76953125,0.6918872197469076,0.3619791567325592,3,0.54634487583071,0.6009114583333334,4.976804054629849,0.7346944544050429,20,,67,5,20,100,128,512,1024,0.001,0.0,0.25,,,,7,0,9,False,True,VR_User_Behavior_Dataset_(Spherical_Video_Streaming)|Head_and_Gaze_Behavior_Dataset|360-degree_Saliency_Dataset_(PanoSaliency)|Panonut360_Dataset|EyeNavGS_6-DoF_Navigation_Dataset|ViewGauss_Head-Movement_Dataset|NJIT_6DOF_VR_Navigation_Dataset,,sweeps_max48/d6cb92c8a9/runs/bilstm_c07b65fe9e_fold4/best.pth,runs/2026-09-02/18-47-16_sweep,9327811-dirty
2026-09-02T18:50:00,train,False,xrsec,multi7,bilstm,,identity_softmax,diff_linear,full,d6cb92c8a9,per_dataset,True,True,,,True,48,0.5817522321428571,0.7857142857142857,0.5942708333333333,0.3255481141986269,0.62109375,1,0.2386605783866058,0.7427455357142857,8.581198284917528,0.6352449996130807,20,,67,5,20,100,128,512,1024,0.001,0.0,0.25,,,,7,0,9,False,True,VR_User_Behavior_Dataset_(Spherical_Video_Streaming)|Head_and_Gaze_Behavior_Dataset|360-degree_Saliency_Dataset_(PanoSaliency)|Panonut360_Dataset|EyeNavGS_6-DoF_Navigation_Dataset|ViewGauss_Head-Movement_Dataset|NJIT_6DOF_VR_Navigation_Dataset,,sweeps_max48/d6cb92c8a9/runs/bilstm_eeaf046024_fold0/best.pth,runs/2026-09-02/18-47-16_sweep,9327811-dirty
2026-09-02T18:50:26,train,False,xrsec,multi7,bilstm,,identity_softmax,diff_linear,full,d6cb92c8a9,per_dataset,True,True,,,True,48,0.632080078125,0.6875,0.6337139423076923,0.4086558948863636,0.5749644935131073,1,0.19784142797841428,0.609375,9.118608499592694,0.6650474965572357,20,,67,5,20,100,128,512,1024,0.001,0.0,0.25,,,,7,0,9,False,True,VR_User_Behavior_Dataset_(Spherical_Video_Streaming)|Head_and_Gaze_Behavior_Dataset|360-degree_Saliency_Dataset_(PanoSaliency)|Panonut360_Dataset|EyeNavGS_6-DoF_Navigation_Dataset|ViewGauss_Head-Movement_Dataset|NJIT_6DOF_VR_Navigation_Dataset,,sweeps_max48/d6cb92c8a9/runs/bilstm_eeaf046024_fold1/best.pth,runs/2026-09-02/18-47-16_sweep,9327811-dirty
2026-09-02T18:50:53,train,False,xrsec,multi7,bilstm,,identity_softmax,diff_linear,full,d6cb92c8a9,per_dataset,True,True,,,True,48,0.6651475694444444,0.6666666666666666,0.6265869140625,0.44331688351101345,0.5377604365348816,2,0.189578828133045,0.4904513888888889,8.716189860561066,0.6992805666393704,20,,67,5,20,100,128,512,1024,0.001,0.0,0.25,,,,7,0,10,False,True,VR_User_Behavior_Dataset_(Spherical_Video_Streaming)|Head_and_Gaze_Behavior_Dataset|360-degree_Saliency_Dataset_(PanoSaliency)|Panonut360_Dataset|EyeNavGS_6-DoF_Navigation_Dataset|ViewGauss_Head-Movement_Dataset|NJIT_6DOF_VR_Navigation_Dataset,,sweeps_max48/d6cb92c8a9/runs/bilstm_eeaf046024_fold2/best.pth,runs/2026-09-02/18-47-16_sweep,9327811-dirty
2026-09-02T18:51:22,train,False,xrsec,multi7,bilstm,,identity_softmax,diff_linear,full,d6cb92c8a9,per_dataset,True,True,,,True,48,0.6312144886363636,0.6368963068181818,0.6574519230769231,0.43663971764700754,0.5591168999671936,4,0.19098644815631893,0.5735085227272727,8.907928376228371,0.6828511736609719,20,,67,5,20,100,128,512,1024,0.001,0.0,0.25,,,,7,0,11,False,True,VR_User_Behavior_Dataset_(Spherical_Video_Streaming)|Head_and_Gaze_Behavior_Dataset|360-degree_Saliency_Dataset_(PanoSaliency)|Panonut360_Dataset|EyeNavGS_6-DoF_Navigation_Dataset|ViewGauss_Head-Movement_Dataset|NJIT_6DOF_VR_Navigation_Dataset,,sweeps_max48/d6cb92c8a9/runs/bilstm_eeaf046024_fold3/best.pth,runs/2026-09-02/18-47-16_sweep,9327811-dirty
2026-09-02T18:51:48,train,False,xrsec,multi7,bilstm,,identity_softmax,diff_linear,full,d6cb92c8a9,per_dataset,True,True,,,True,48,0.5397135416666666,0.5633680555555556,0.5962357954545454,0.4624288347032335,0.55712890625,15,0.20190626093039524,0.5549045138888888,8.934713319282759,0.6874269644419352,20,,67,5,20,100,128,512,1024,0.001,0.0,0.25,,,,7,0,9,False,True,VR_User_Behavior_Dataset_(Spherical_Video_Streaming)|Head_and_Gaze_Behavior_Dataset|360-degree_Saliency_Dataset_(PanoSaliency)|Panonut360_Dataset|EyeNavGS_6-DoF_Navigation_Dataset|ViewGauss_Head-Movement_Dataset|NJIT_6DOF_VR_Navigation_Dataset,,sweeps_max48/d6cb92c8a9/runs/bilstm_eeaf046024_fold4/best.pth,runs/2026-09-02/18-47-16_sweep,9327811-dirty
2026-09-02T18:52:07,train,False,xrsec,multi7,random,,identity_softmax,diff_linear,full,d6cb92c8a9,per_dataset,True,True,,,False,48,0.7857142857142857,0.7857142857142857,0.5666666666666667,0.5082963885683002,0.49745503067970276,2,0.0,0.7857142857142857,13.371067067440968,0.6193311555044991,20,,67,5,20,100,128,512,1024,0.001,0.0,0.25,,,,7,0,9,False,True,VR_User_Behavior_Dataset_(Spherical_Video_Streaming)|Head_and_Gaze_Behavior_Dataset|360-degree_Saliency_Dataset_(PanoSaliency)|Panonut360_Dataset|EyeNavGS_6-DoF_Navigation_Dataset|ViewGauss_Head-Movement_Dataset|NJIT_6DOF_VR_Navigation_Dataset,,sweeps_max48/d6cb92c8a9/runs/random_508d3e4ce7_fold0/best.pth,runs/2026-09-02/18-47-16_sweep,9327811-dirty
2026-09-02T18:52:28,train,False,xrsec,multi7,random,,identity_softmax,diff_linear,full,d6cb92c8a9,per_dataset,True,True,,,False,48,0.6875,0.6875,0.6153846153846154,0.509417724609375,0.4890269786119461,2,0.0,0.6875,13.42786855772849,0.6600335240364075,20,,67,5,20,100,128,512,1024,0.001,0.0,0.25,,,,7,0,9,False,True,VR_User_Behavior_Dataset_(Spherical_Video_Streaming)|Head_and_Gaze_Behavior_Dataset|360-degree_Saliency_Dataset_(PanoSaliency)|Panonut360_Dataset|EyeNavGS_6-DoF_Navigation_Dataset|ViewGauss_Head-Movement_Dataset|NJIT_6DOF_VR_Navigation_Dataset,,sweeps_max48/d6cb92c8a9/runs/random_508d3e4ce7_fold1/best.pth,runs/2026-09-02/18-47-16_sweep,9327811-dirty
2026-09-02T18:52:49,train,False,xrsec,multi7,random,,identity_softmax,diff_linear,full,d6cb92c8a9,per_dataset,True,True,,,False,48,0.6666666666666666,0.6668836805555556,0.6251220703125,0.5161045922173394,0.486328125,2,0.0,0.6666666666666666,13.16545476875152,0.6756816771295335,20,,67,5,20,100,128,512,1024,0.001,0.0,0.25,,,,7,0,10,False,True,VR_User_Behavior_Dataset_(Spherical_Video_Streaming)|Head_and_Gaze_Behavior_Dataset|360-degree_Saliency_Dataset_(PanoSaliency)|Panonut360_Dataset|EyeNavGS_6-DoF_Navigation_Dataset|ViewGauss_Head-Movement_Dataset|NJIT_6DOF_VR_Navigation_Dataset,,sweeps_max48/d6cb92c8a9/runs/random_508d3e4ce7_fold2/best.pth,runs/2026-09-02/18-47-16_sweep,9327811-dirty
2026-09-02T18:53:12,train,False,xrsec,multi7,random,,identity_softmax,diff_linear,full,d6cb92c8a9,per_dataset,True,True,,,False,48,0.6363636363636364,0.6363636363636364,0.6538461538461539,0.49813549859183176,0.5053362250328064,2,0.0,0.6363636363636364,13.150174996421823,0.6695646481080488,20,,67,5,20,100,128,512,1024,0.001,0.0,0.25,,,,7,0,11,False,True,VR_User_Behavior_Dataset_(Spherical_Video_Streaming)|Head_and_Gaze_Behavior_Dataset|360-degree_Saliency_Dataset_(PanoSaliency)|Panonut360_Dataset|EyeNavGS_6-DoF_Navigation_Dataset|ViewGauss_Head-Movement_Dataset|NJIT_6DOF_VR_Navigation_Dataset,,sweeps_max48/d6cb92c8a9/runs/random_508d3e4ce7_fold3/best.pth,runs/2026-09-02/18-47-16_sweep,9327811-dirty
2026-09-02T18:53:32,train,False,xrsec,multi7,random,,identity_softmax,diff_linear,full,d6cb92c8a9,per_dataset,True,True,,,False,48,0.6666666666666666,0.6666666666666666,0.5909090909090909,0.4960796568128798,0.4993489682674408,5,0.0,0.5158420138888888,13.418485246867139,0.6927361885706583,20,,67,5,20,100,128,512,1024,0.001,0.0,0.25,,,,7,0,9,False,True,VR_User_Behavior_Dataset_(Spherical_Video_Streaming)|Head_and_Gaze_Behavior_Dataset|360-degree_Saliency_Dataset_(PanoSaliency)|Panonut360_Dataset|EyeNavGS_6-DoF_Navigation_Dataset|ViewGauss_Head-Movement_Dataset|NJIT_6DOF_VR_Navigation_Dataset,,sweeps_max48/d6cb92c8a9/runs/random_508d3e4ce7_fold4/best.pth,runs/2026-09-02/18-47-16_sweep,9327811-dirty
2026-09-02T18:53:51,train,False,xrsec,multi7,random,,identity_softmax,diff_linear,full,d6cb92c8a9,per_dataset,True,True,,,True,48,0.7857142857142857,0.7857142857142857,0.5666666666666667,0.5082963885683002,0.49745503067970276,2,0.0,0.7857142857142857,13.371067067440968,0.6193311555044991,20,,67,5,20,100,128,512,1024,0.001,0.0,0.25,,,,7,0,9,False,True,VR_User_Behavior_Dataset_(Spherical_Video_Streaming)|Head_and_Gaze_Behavior_Dataset|360-degree_Saliency_Dataset_(PanoSaliency)|Panonut360_Dataset|EyeNavGS_6-DoF_Navigation_Dataset|ViewGauss_Head-Movement_Dataset|NJIT_6DOF_VR_Navigation_Dataset,,sweeps_max48/d6cb92c8a9/runs/random_8c41f9f541_fold0/best.pth,runs/2026-09-02/18-47-16_sweep,9327811-dirty
2026-09-02T18:54:12,train,False,xrsec,multi7,random,,identity_softmax,diff_linear,full,d6cb92c8a9,per_dataset,True,True,,,True,48,0.6875,0.6875,0.6153846153846154,0.509417724609375,0.4890269786119461,2,0.0,0.6875,13.42786855772849,0.6600335240364075,20,,67,5,20,100,128,512,1024,0.001,0.0,0.25,,,,7,0,9,False,True,VR_User_Behavior_Dataset_(Spherical_Video_Streaming)|Head_and_Gaze_Behavior_Dataset|360-degree_Saliency_Dataset_(PanoSaliency)|Panonut360_Dataset|EyeNavGS_6-DoF_Navigation_Dataset|ViewGauss_Head-Movement_Dataset|NJIT_6DOF_VR_Navigation_Dataset,,sweeps_max48/d6cb92c8a9/runs/random_8c41f9f541_fold1/best.pth,runs/2026-09-02/18-47-16_sweep,9327811-dirty
2026-09-02T18:54:34,train,False,xrsec,multi7,random,,identity_softmax,diff_linear,full,d6cb92c8a9,per_dataset,True,True,,,True,48,0.6666666666666666,0.6668836805555556,0.6251220703125,0.5161045922173394,0.486328125,2,0.0,0.6666666666666666,13.16545476875152,0.6756816771295335,20,,67,5,20,100,128,512,1024,0.001,0.0,0.25,,,,7,0,10,False,True,VR_User_Behavior_Dataset_(Spherical_Video_Streaming)|Head_and_Gaze_Behavior_Dataset|360-degree_Saliency_Dataset_(PanoSaliency)|Panonut360_Dataset|EyeNavGS_6-DoF_Navigation_Dataset|ViewGauss_Head-Movement_Dataset|NJIT_6DOF_VR_Navigation_Dataset,,sweeps_max48/d6cb92c8a9/runs/random_8c41f9f541_fold2/best.pth,runs/2026-09-02/18-47-16_sweep,9327811-dirty
2026-09-02T18:54:57,train,False,xrsec,multi7,random,,identity_softmax,diff_linear,full,d6cb92c8a9,per_dataset,True,True,,,True,48,0.6363636363636364,0.6363636363636364,0.6538461538461539,0.49813549859183176,0.5053362250328064,2,0.0,0.6363636363636364,13.150174996421823,0.6695646481080488,20,,67,5,20,100,128,512,1024,0.001,0.0,0.25,,,,7,0,11,False,True,VR_User_Behavior_Dataset_(Spherical_Video_Streaming)|Head_and_Gaze_Behavior_Dataset|360-degree_Saliency_Dataset_(PanoSaliency)|Panonut360_Dataset|EyeNavGS_6-DoF_Navigation_Dataset|ViewGauss_Head-Movement_Dataset|NJIT_6DOF_VR_Navigation_Dataset,,sweeps_max48/d6cb92c8a9/runs/random_8c41f9f541_fold3/best.pth,runs/2026-09-02/18-47-16_sweep,9327811-dirty
2026-09-02T18:55:18,train,False,xrsec,multi7,random,,identity_softmax,diff_linear,full,d6cb92c8a9,per_dataset,True,True,,,True,48,0.6666666666666666,0.6666666666666666,0.5909090909090909,0.4960796568128798,0.4993489682674408,5,0.0,0.5158420138888888,13.418485246867139,0.6927361885706583,20,,67,5,20,100,128,512,1024,0.001,0.0,0.25,,,,7,0,9,False,True,VR_User_Behavior_Dataset_(Spherical_Video_Streaming)|Head_and_Gaze_Behavior_Dataset|360-degree_Saliency_Dataset_(PanoSaliency)|Panonut360_Dataset|EyeNavGS_6-DoF_Navigation_Dataset|ViewGauss_Head-Movement_Dataset|NJIT_6DOF_VR_Navigation_Dataset,,sweeps_max48/d6cb92c8a9/runs/random_8c41f9f541_fold4/best.pth,runs/2026-09-02/18-47-16_sweep,9327811-dirty
2026-09-03T12:09:38,train,False,xrsec,multi7,bilstm,,identity_softmax,diff_linear,full,34a943c9a1,per_dataset,True,True,0,0.699999988079071,False,48,0.63671875,0.715234375,0.7013113839285714,0.639023917061942,0.41796875,2,0.5990867579908675,0.71171875,4.659183638305122,0.6482741355895996,20,,67,5,20,100,128,512,1024,0.001,0.0,0.25,,,,7,0,9,False,True,VR_User_Behavior_Dataset_(Spherical_Video_Streaming)|Head_and_Gaze_Behavior_Dataset|360-degree_Saliency_Dataset_(PanoSaliency)|Panonut360_Dataset|EyeNavGS_6-DoF_Navigation_Dataset|ViewGauss_Head-Movement_Dataset|NJIT_6DOF_VR_Navigation_Dataset,,sweeps/34a943c9a1/runs/bilstm_c07b65fe9e_fold0/best.pth,runs/2026-09-03/12-09-13_sweep,4d950a1-dirty
2026-09-03T12:10:02,train,False,xrsec,multi7,bilstm,,identity_softmax,diff_linear,full,34a943c9a1,per_dataset,True,True,0,0.6153846383094788,False,48,0.6808894230769231,0.6908052884615384,0.8038383152173914,0.7225929260253906,0.34223632514476776,9,0.5387297633872976,0.6460336538461539,5.318467405318422,0.6749174869977511,20,,67,5,20,100,128,512,1024,0.001,0.0,0.25,,,,7,0,9,False,True,VR_User_Behavior_Dataset_(Spherical_Video_Streaming)|Head_and_Gaze_Behavior_Dataset|360-degree_Saliency_Dataset_(PanoSaliency)|Panonut360_Dataset|EyeNavGS_6-DoF_Navigation_Dataset|ViewGauss_Head-Movement_Dataset|NJIT_6DOF_VR_Navigation_Dataset,,sweeps/34a943c9a1/runs/bilstm_c07b65fe9e_fold1/best.pth,runs/2026-09-03/12-09-13_sweep,4d950a1-dirty
2026-09-03T12:10:28,train,False,xrsec,multi7,bilstm,,identity_softmax,diff_linear,full,34a943c9a1,per_dataset,True,True,1,0.6000000238418579,False,48,0.5893229166666667,0.5953125,0.7162388392857143,0.6311631379304109,0.4036458432674408,9,0.6588404901657914,0.5854166666666667,3.6461233577869687,1.0337315241495768,20,,67,5,20,100,128,512,1024,0.001,0.0,0.25,,,,7,0,10,False,True,VR_User_Behavior_Dataset_(Spherical_Video_Streaming)|Head_and_Gaze_Behavior_Dataset|360-degree_Saliency_Dataset_(PanoSaliency)|Panonut360_Dataset|EyeNavGS_6-DoF_Navigation_Dataset|ViewGauss_Head-Movement_Dataset|NJIT_6DOF_VR_Navigation_Dataset,,sweeps/34a943c9a1/runs/bilstm_c07b65fe9e_fold2/best.pth,runs/2026-09-03/12-09-13_sweep,4d950a1-dirty
2026-09-03T12:10:54,train,False,xrsec,multi7,bilstm,,identity_softmax,diff_linear,full,34a943c9a1,per_dataset,True,True,1,0.5789473652839661,False,48,0.6566611842105263,0.6893503289473685,0.7819602272727273,0.6895630576393821,0.3783069998025894,16,0.6117239205798929,0.6566611842105263,4.240007191223311,0.6890852263099269,20,,67,5,20,100,128,512,1024,0.001,0.0,0.25,,,,7,0,11,False,True,VR_User_Behavior_Dataset_(Spherical_Video_Streaming)|Head_and_Gaze_Behavior_Dataset|360-degree_Saliency_Dataset_(PanoSaliency)|Panonut360_Dataset|EyeNavGS_6-DoF_Navigation_Dataset|ViewGauss_Head-Movement_Dataset|NJIT_6DOF_VR_Navigation_Dataset,,sweeps/34a943c9a1/runs/bilstm_c07b65fe9e_fold3/best.pth,runs/2026-09-03/12-09-13_sweep,2e20122-dirty
2026-09-03T12:11:19,train,False,xrsec,multi7,bilstm,,identity_softmax,diff_linear,full,34a943c9a1,per_dataset,True,True,0,0.6000000238418579,False,48,0.6963541666666667,0.6966145833333334,0.78203125,0.7124947441948785,0.3489583432674408,3,0.54634487583071,0.60546875,4.976804054629849,0.7124768416086833,20,,67,5,20,100,128,512,1024,0.001,0.0,0.25,,,,7,0,9,False,True,VR_User_Behavior_Dataset_(Spherical_Video_Streaming)|Head_and_Gaze_Behavior_Dataset|360-degree_Saliency_Dataset_(PanoSaliency)|Panonut360_Dataset|EyeNavGS_6-DoF_Navigation_Dataset|ViewGauss_Head-Movement_Dataset|NJIT_6DOF_VR_Navigation_Dataset,,sweeps/34a943c9a1/runs/bilstm_c07b65fe9e_fold4/best.pth,runs/2026-09-03/12-09-13_sweep,2e20122-dirty
2026-09-03T12:11:41,train,False,xrsec,multi7,bilstm,,identity_softmax,diff_linear,full,34a943c9a1,per_dataset,True,True,0,0.699999988079071,True,48,0.501953125,0.7,0.5506417410714286,0.35811433337983634,0.6039806604385376,1,0.2386605783866058,0.541796875,8.581198284917528,0.6867304086685181,20,,67,5,20,100,128,512,1024,0.001,0.0,0.25,,,,7,0,9,False,True,VR_User_Behavior_Dataset_(Spherical_Video_Streaming)|Head_and_Gaze_Behavior_Dataset|360-degree_Saliency_Dataset_(PanoSaliency)|Panonut360_Dataset|EyeNavGS_6-DoF_Navigation_Dataset|ViewGauss_Head-Movement_Dataset|NJIT_6DOF_VR_Navigation_Dataset,,sweeps/34a943c9a1/runs/bilstm_eeaf046024_fold0/best.pth,runs/2026-09-03/12-09-13_sweep,2e20122-dirty
2026-09-03T12:12:05,train,False,xrsec,multi7,bilstm,,identity_softmax,diff_linear,full,34a943c9a1,per_dataset,True,True,0,0.6153846383094788,True,48,0.5201322115384616,0.6153846153846154,0.5986752717391305,0.46849536895751953,0.5267089903354645,13,0.19784142797841428,0.5396634615384616,9.118608499592694,0.6834549995569082,20,,67,5,20,100,128,512,1024,0.001,0.0,0.25,,,,7,0,9,False,True,VR_User_Behavior_Dataset_(Spherical_Video_Streaming)|Head_and_Gaze_Behavior_Dataset|360-degree_Saliency_Dataset_(PanoSaliency)|Panonut360_Dataset|EyeNavGS_6-DoF_Navigation_Dataset|ViewGauss_Head-Movement_Dataset|NJIT_6DOF_VR_Navigation_Dataset,,sweeps/34a943c9a1/runs/bilstm_eeaf046024_fold1/best.pth,runs/2026-09-03/12-09-13_sweep,2e20122-dirty
2026-09-03T12:12:31,train,False,xrsec,multi7,bilstm,,identity_softmax,diff_linear,full,34a943c9a1,per_dataset,True,True,1,0.6000000238418579,True,48,0.5552083333333333,0.56953125,0.5728236607142857,0.47790428444191263,0.5234375,5,0.189578828133045,0.49505208333333334,8.716189860561066,0.7067290544509888,20,,67,5,20,100,128,512,1024,0.001,0.0,0.25,,,,7,0,10,False,True,VR_User_Behavior_Dataset_(Spherical_Video_Streaming)|Head_and_Gaze_Behavior_Dataset|360-degree_Saliency_Dataset_(PanoSaliency)|Panonut360_Dataset|EyeNavGS_6-DoF_Navigation_Dataset|ViewGauss_Head-Movement_Dataset|NJIT_6DOF_VR_Navigation_Dataset,,sweeps/34a943c9a1/runs/bilstm_eeaf046024_fold2/best.pth,runs/2026-09-03/12-09-13_sweep,2e20122-dirty
2026-09-03T12:12:57,train,False,xrsec,multi7,bilstm,,identity_softmax,diff_linear,full,34a943c9a1,per_dataset,True,True,1,0.5789473652839661,True,48,0.5594161184210527,0.5666118421052632,0.6196732954545454,0.4612008008089932,0.5283646881580353,6,0.19098644815631893,0.5172697368421053,8.907928376228371,0.695294838202627,20,,67,5,20,100,128,512,1024,0.001,0.0,0.25,,,,7,0,11,False,True,VR_User_Behavior_Dataset_(Spherical_Video_Streaming)|Head_and_Gaze_Behavior_Dataset|360-degree_Saliency_Dataset_(PanoSaliency)|Panonut360_Dataset|EyeNavGS_6-DoF_Navigation_Dataset|ViewGauss_Head-Movement_Dataset|NJIT_6DOF_VR_Navigation_Dataset,,sweeps/34a943c9a1/runs/bilstm_eeaf046024_fold3/best.pth,runs/2026-09-03/12-09-13_sweep,2e20122-dirty
2026-09-03T12:13:22,train,False,xrsec,multi7,bilstm,,identity_softmax,diff_linear,full,34a943c9a1,per_dataset,True,True,0,0.6000000238418579,True,48,0.51875,0.5348958333333333,0.5880859375,0.4902599476001881,0.53125,15,0.20190626093039524,0.53125,8.934713319282759,0.6918123284975688,20,,67,5,20,100,128,512,1024,0.001,0.0,0.25,,,,7,0,9,False,True,VR_User_Behavior_Dataset_(Spherical_Video_Streaming)|Head_and_Gaze_Behavior_Dataset|360-degree_Saliency_Dataset_(PanoSaliency)|Panonut360_Dataset|EyeNavGS_6-DoF_Navigation_Dataset|ViewGauss_Head-Movement_Dataset|NJIT_6DOF_VR_Navigation_Dataset,,sweeps/34a943c9a1/runs/bilstm_eeaf046024_fold4/best.pth,runs/2026-09-03/12-09-13_sweep,2e20122-dirty
2026-09-03T12:13:39,train,False,xrsec,multi7,random,,identity_softmax,diff_linear,full,34a943c9a1,per_dataset,True,True,0,0.699999988079071,False,48,0.700390625,0.700390625,0.5357142857142857,0.4945184616815476,0.4948846697807312,2,0.0,0.7,13.38210051056094,0.6623504757881165,20,,67,5,20,100,128,512,1024,0.001,0.0,0.25,,,,7,0,9,False,True,VR_User_Behavior_Dataset_(Spherical_Video_Streaming)|Head_and_Gaze_Behavior_Dataset|360-degree_Saliency_Dataset_(PanoSaliency)|Panonut360_Dataset|EyeNavGS_6-DoF_Navigation_Dataset|ViewGauss_Head-Movement_Dataset|NJIT_6DOF_VR_Navigation_Dataset,,sweeps/34a943c9a1/runs/random_508d3e4ce7_fold0/best.pth,runs/2026-09-03/12-09-13_sweep,2e20122-dirty
2026-09-03T12:13:57,train,False,xrsec,multi7,random,,identity_softmax,diff_linear,full,34a943c9a1,per_dataset,True,True,0,0.6153846383094788,False,48,0.6153846153846154,0.6153846153846154,0.5652173913043478,0.5025373458862304,0.502392590045929,3,0.0,0.6153846153846154,13.429381944095015,0.6841073402991662,20,,67,5,20,100,128,512,1024,0.001,0.0,0.25,,,,7,0,9,False,True,VR_User_Behavior_Dataset_(Spherical_Video_Streaming)|Head_and_Gaze_Behavior_Dataset|360-degree_Saliency_Dataset_(PanoSaliency)|Panonut360_Dataset|EyeNavGS_6-DoF_Navigation_Dataset|ViewGauss_Head-Movement_Dataset|NJIT_6DOF_VR_Navigation_Dataset,,sweeps/34a943c9a1/runs/random_508d3e4ce7_fold1/best.pth,runs/2026-09-03/12-09-13_sweep,2e20122-dirty
2026-09-03T12:14:17,train,False,xrsec,multi7,random,,identity_softmax,diff_linear,full,34a943c9a1,per_dataset,True,True,1,0.6000000238418579,False,48,0.5986979166666667,0.6005208333333333,0.5718470982142857,0.49561451099537035,0.5020616352558136,9,0.0,0.6,13.16247040470969,0.6878327608108521,20,,67,5,20,100,128,512,1024,0.001,0.0,0.25,,,,7,0,10,False,True,VR_User_Behavior_Dataset_(Spherical_Video_Streaming)|Head_and_Gaze_Behavior_Dataset|360-degree_Saliency_Dataset_(PanoSaliency)|Panonut360_Dataset|EyeNavGS_6-DoF_Navigation_Dataset|ViewGauss_Head-Movement_Dataset|NJIT_6DOF_VR_Navigation_Dataset,,sweeps/34a943c9a1/runs/random_508d3e4ce7_fold2/best.pth,runs/2026-09-03/12-09-13_sweep,2e20122-dirty
2026-09-03T12:14:37,train,False,xrsec,multi7,random,,identity_softmax,diff_linear,full,34a943c9a1,per_dataset,True,True,1,0.5789473652839661,False,48,0.5789473684210527,0.5789473684210527,0.5909090909090909,0.5061124454845082,0.49855734407901764,2,0.0,0.578125,13.152682923133515,0.6849346568709925,20,,67,5,20,100,128,512,1024,0.001,0.0,0.25,,,,7,0,11,False,True,VR_User_Behavior_Dataset_(Spherical_Video_Streaming)|Head_and_Gaze_Behavior_Dataset|360-degree_Saliency_Dataset_(PanoSaliency)|Panonut360_Dataset|EyeNavGS_6-DoF_Navigation_Dataset|ViewGauss_Head-Movement_Dataset|NJIT_6DOF_VR_Navigation_Dataset,,sweeps/34a943c9a1/runs/random_508d3e4ce7_fold3/best.pth,runs/2026-09-03/12-09-13_sweep,2e20122-dirty
2026-09-03T12:14:56,train,False,xrsec,multi7,random,,identity_softmax,diff_linear,full,34a943c9a1,per_dataset,True,True,0,0.6000000238418579,False,48,0.5958333333333333,0.5958333333333333,0.548046875,0.49727771900318285,0.5057508647441864,7,0.0,0.4973958333333333,13.41357149015402,0.6928447882334391,20,,67,5,20,100,128,512,1024,0.001,0.0,0.25,,,,7,0,9,False,True,VR_User_Behavior_Dataset_(Spherical_Video_Streaming)|Head_and_Gaze_Behavior_Dataset|360-degree_Saliency_Dataset_(PanoSaliency)|Panonut360_Dataset|EyeNavGS_6-DoF_Navigation_Dataset|ViewGauss_Head-Movement_Dataset|NJIT_6DOF_VR_Navigation_Dataset,,sweeps/34a943c9a1/runs/random_508d3e4ce7_fold4/best.pth,runs/2026-09-03/12-09-13_sweep,2e20122-dirty
2026-09-03T12:15:13,train,False,xrsec,multi7,random,,identity_softmax,diff_linear,full,34a943c9a1,per_dataset,True,True,0,0.699999988079071,True,48,0.700390625,0.700390625,0.5357142857142857,0.4945184616815476,0.4948846697807312,2,0.0,0.7,13.38210051056094,0.6623504757881165,20,,67,5,20,100,128,512,1024,0.001,0.0,0.25,,,,7,0,9,False,True,VR_User_Behavior_Dataset_(Spherical_Video_Streaming)|Head_and_Gaze_Behavior_Dataset|360-degree_Saliency_Dataset_(PanoSaliency)|Panonut360_Dataset|EyeNavGS_6-DoF_Navigation_Dataset|ViewGauss_Head-Movement_Dataset|NJIT_6DOF_VR_Navigation_Dataset,,sweeps/34a943c9a1/runs/random_8c41f9f541_fold0/best.pth,runs/2026-09-03/12-09-13_sweep,2e20122-dirty
2026-09-03T12:15:32,train,False,xrsec,multi7,random,,identity_softmax,diff_linear,full,34a943c9a1,per_dataset,True,True,0,0.6153846383094788,True,48,0.6153846153846154,0.6153846153846154,0.5652173913043478,0.5025373458862304,0.502392590045929,3,0.0,0.6153846153846154,13.429381944095015,0.6841073402991662,20,,67,5,20,100,128,512,1024,0.001,0.0,0.25,,,,7,0,9,False,True,VR_User_Behavior_Dataset_(Spherical_Video_Streaming)|Head_and_Gaze_Behavior_Dataset|360-degree_Saliency_Dataset_(PanoSaliency)|Panonut360_Dataset|EyeNavGS_6-DoF_Navigation_Dataset|ViewGauss_Head-Movement_Dataset|NJIT_6DOF_VR_Navigation_Dataset,,sweeps/34a943c9a1/runs/random_8c41f9f541_fold1/best.pth,runs/2026-09-03/12-09-13_sweep,2e20122-dirty
2026-09-03T12:15:51,train,False,xrsec,multi7,random,,identity_softmax,diff_linear,full,34a943c9a1,per_dataset,True,True,1,0.6000000238418579,True,48,0.5986979166666667,0.6005208333333333,0.5718470982142857,0.49561451099537035,0.5020616352558136,9,0.0,0.6,13.16247040470969,0.6878327608108521,20,,67,5,20,100,128,512,1024,0.001,0.0,0.25,,,,7,0,10,False,True,VR_User_Behavior_Dataset_(Spherical_Video_Streaming)|Head_and_Gaze_Behavior_Dataset|360-degree_Saliency_Dataset_(PanoSaliency)|Panonut360_Dataset|EyeNavGS_6-DoF_Navigation_Dataset|ViewGauss_Head-Movement_Dataset|NJIT_6DOF_VR_Navigation_Dataset,,sweeps/34a943c9a1/runs/random_8c41f9f541_fold2/best.pth,runs/2026-09-03/12-09-13_sweep,2e20122-dirty
2026-09-03T12:16:12,train,False,xrsec,multi7,random,,identity_softmax,diff_linear,full,34a943c9a1,per_dataset,True,True,1,0.5789473652839661,True,48,0.5789473684210527,0.5789473684210527,0.5909090909090909,0.5061124454845082,0.49855734407901764,2,0.0,0.578125,13.152682923133515,0.6849346568709925,20,,67,5,20,100,128,512,1024,0.001,0.0,0.25,,,,7,0,11,False,True,VR_User_Behavior_Dataset_(Spherical_Video_Streaming)|Head_and_Gaze_Behavior_Dataset|360-degree_Saliency_Dataset_(PanoSaliency)|Panonut360_Dataset|EyeNavGS_6-DoF_Navigation_Dataset|ViewGauss_Head-Movement_Dataset|NJIT_6DOF_VR_Navigation_Dataset,,sweeps/34a943c9a1/runs/random_8c41f9f541_fold3/best.pth,runs/2026-09-03/12-09-13_sweep,2e20122-dirty
2026-09-03T12:16:31,train,False,xrsec,multi7,random,,identity_softmax,diff_linear,full,34a943c9a1,per_dataset,True,True,0,0.6000000238418579,True,48,0.5958333333333333,0.5958333333333333,0.548046875,0.49727771900318285,0.5057508647441864,7,0.0,0.4973958333333333,13.41357149015402,0.6928447882334391,20,,67,5,20,100,128,512,1024,0.001,0.0,0.25,,,,7,0,9,False,True,VR_User_Behavior_Dataset_(Spherical_Video_Streaming)|Head_and_Gaze_Behavior_Dataset|360-degree_Saliency_Dataset_(PanoSaliency)|Panonut360_Dataset|EyeNavGS_6-DoF_Navigation_Dataset|ViewGauss_Head-Movement_Dataset|NJIT_6DOF_VR_Navigation_Dataset,,sweeps/34a943c9a1/runs/random_8c41f9f541_fold4/best.pth,runs/2026-09-03/12-09-13_sweep,2e20122-dirty
